9.846389808920698039e-01,1.303172048485277124e-01,-9.025962822868471847e-01,-9.260069000176109899e-01,-5.179225194870917814e-01,-3.903010119697793434e-01,-9.881600165148431980e-01,8.875904924902416893e-01,-6.749957734798276432e-01,7.528056852397327914e-01,3.290509905860263817e-01,9.918831620118014891e-01,2.687466810126931671e-01,3.536513276808223027e-01,2.149291637083218798e-01,-8.304769438676056215e-01,8.628232470629434436e-01,-8.740376241072778107e-01,-5.018949036819301407e-02,7.057707368078320886e-01,-5.918946800977179512e-01,-9.479934730575629853e-01,8.678898429413801630e-01,-5.640415879444347080e-01,-6.957357293970742873e-01,-9.646268608068605532e-01,4.162895400658638279e-01,-5.539334490794141086e-01,-5.415441803597924597e-01,-1.361961178472076150e-01,3.869154696758730361e-01,-4.381303769296823747e-01,-1.185267183560223536e-01,-4.115071934244049490e-01,-7.771720447249063080e-01,-5.367253973464799488e-01,6.146093988119342155e-01,-7.248759401335215236e-01,7.542514551844180515e-01,8.956380919182356237e-01,9.902445012235383537e-01,8.714220943828135946e-01,-2.200551583000567579e-01,-4.894867831220169330e-01,8.088459806772341221e-01,-9.409656742129139939e-01,-3.119186428153039037e-01,-7.520168262239976809e-01,1.000000000000000000e+00
-2.408382069741900056e-01,6.349811135495317949e-01,-4.272394551982366950e-01,3.695452107029866262e-01,1.404661718474004839e-01,7.981065405724265815e-01,-8.103560054312762828e-01,9.616987530503808834e-01,3.146712481750345569e-01,-1.278649946880212329e-01,8.800116228817694841e-01,-2.653139919796112522e-01,3.380943873003801337e-02,8.915247389111655152e-02,-6.116594943141632212e-01,3.013685825643746541e-01,6.075358170866526075e-01,-5.572657208887821234e-01,7.515374468142322906e-01,2.568940874345471137e-01,3.342223446386251018e-01,-3.876319049987110854e-01,-1.430769798206764087e-01,1.207717616055363208e-01,-5.480168097281455930e-01,3.320056323466974435e-01,-2.308011858936204752e-01,4.462052322683662253e-01,4.382024157582370405e-01,-2.928892865148764457e-01,-3.069500310691456457e-01,-8.928347916966686837e-01,3.140854280286181632e-01,-2.465229386271354239e-01,7.875349975282708304e-01,-3.768168399730126988e-02,8.984308548167070363e-01,-2.028901926378288145e-01,2.186919266545682937e-03,3.806274065645483540e-01,9.220740126190215546e-01,6.236249833375213936e-02,-8.110929942877735943e-01,-3.395751391887132931e-01,9.029460038380530129e-01,-4.459954919656927350e-03,-4.088705855498067088e-01,-6.167856485798910438e-01,-1.000000000000000000e+00
8.715385779124387167e-01,-1.842866629853585625e-01,-9.084531358293473913e-01,-8.892510740213337428e-01,-9.383962490071275919e-01,-2.539984706827123628e-01,-9.540715271943525089e-01,6.971098513686385667e-01,-5.865568225629167465e-01,4.669276022071897625e-01,6.053128382218853076e-01,9.721409142143191406e-01,-6.250453098376734795e-02,-4.731582953627576082e-01,-1.586721321538212687e-02,-6.588630488608272495e-01,9.190439426320388128e-01,-7.485987146389753155e-01,1.348587474843196687e-01,2.799167154247836908e-01,-8.236842388489442612e-01,-9.824140182940924726e-01,9.175408728995059215e-01,-9.242286007249245205e-01,-4.418334094555794733e-01,-9.416690378582597276e-01,3.399195069662709345e-01,5.043669760101736621e-01,8.881818510898314631e-03,1.747362871510705351e-01,1.159722944274514389e-01,-7.499052412863997930e-01,4.728787528317587308e-01,-5.373435229749163877e-01,1.935665335381594188e-01,-7.909474895797067306e-01,-1.123422113107094139e-01,-7.716717118974432410e-02,1.011810233787048124e-01,8.543144210073041478e-01,9.973114108330140004e-01,5.769551289138727945e-01,-7.451773114689628219e-01,3.875589061608455399e-01,7.631393117358566958e-01,-8.633116328641764481e-01,-1.260705699741848096e-01,-4.805483063597432158e-01,1.000000000000000000e+00
6.934904692958075989e-01,-6.543141666108255317e-01,-7.035939156614533507e-01,-9.962830048095585589e-01,-8.641604301456683457e-01,1.128927959984498963e-01,-7.552214730991002600e-01,-9.219493321341531988e-01,-6.724223797875568120e-01,-9.061519741849077825e-01,-9.013603871020557934e-01,9.866254726121560514e-01,9.396095319596945439e-01,9.688038897635242730e-01,4.900407221334019403e-01,4.334918532040950567e-01,7.422415830054394092e-01,-9.700978663148647207e-01,2.446422039698050582e-02,-9.215393515609742181e-01,-9.593953692076796491e-01,-8.437487979391061765e-01,9.721881355194645913e-01,-8.437736549581525969e-01,-8.632675279436639038e-01,-9.244946723276588063e-01,9.715002912312922234e-01,7.566898765803713456e-01,-2.888857345369678642e-01,4.994581423845250723e-01,-7.385720567660624125e-01,9.816011813443654699e-01,-9.780257359373366599e-01,-5.945101257317927379e-01,-5.577780953151130205e-01,-9.995631636927673203e-01,-8.177790833449853913e-01,7.074605161062266223e-01,7.755385317839526005e-01,7.115762671101119041e-01,-5.385975147082324721e-01,2.554814347888392789e-01,-8.945236806612791858e-01,-6.125993731904086914e-01,-6.417256488663694025e-01,-9.876589933763963991e-01,-8.553480506864088451e-01,-8.124620145480262456e-01,1.000000000000000000e+00
8.361246274807861978e-01,6.129860858584216254e-01,-5.339127385445202600e-01,-9.228934726096474916e-01,-5.293997825498614196e-01,4.972252662976190396e-01,-8.615833139723498846e-01,7.352381459730092939e-01,-1.020143329151936146e-01,-5.072141472752216274e-01,4.149503452581820157e-02,7.858268095716108848e-01,6.276113229934615623e-01,8.626476399461782130e-01,-4.122329042207306671e-01,-7.532314784726317804e-03,4.432200077634712021e-01,-9.535442695989658768e-01,8.777843965987726094e-01,-7.071670491962591676e-01,-6.741168211708424840e-01,-7.804691009715148953e-01,8.708121901844814161e-01,-1.572681643069095137e-01,-8.913578009420993764e-01,-5.957691405365731496e-01,5.706277627966434007e-01,4.626052729544203324e-01,-1.972824139575001523e-01,-2.724751774425920314e-01,1.383240831653115566e-01,2.654267307569272982e-01,-6.951252769263402964e-01,-6.767706583054347025e-01,3.529823960820948625e-01,-9.824253227490172824e-01,2.973262837177452211e-01,-5.342138429180168790e-01,6.534372770157890198e-01,4.558519288415903148e-01,3.843691111153197948e-01,4.475308788015752715e-01,-9.133087821269335604e-01,-8.714061638096481932e-01,6.367209906694587529e-01,-7.407013597866893839e-01,-8.036853049637961988e-01,-6.627827800859195095e-01,1.000000000000000000e+00
-2.579764794356856350e-01,2.514307733462334271e-01,-3.441857907202176547e-01,-2.135387379198528390e-01,-4.161139362127931340e-01,8.396678132631426594e-01,3.085773631062267014e-02,3.088278159293473824e-01,8.221004249225675187e-01,-7.928318924633981357e-01,6.553144804896942066e-01,-6.379367428602371604e-01,7.908192819709575216e-01,7.492507480979803125e-01,-4.741533851663656818e-01,2.292932529179656231e-01,7.623689779855506998e-01,-8.205072852000274697e-01,9.008378481334841092e-01,2.671027115035884969e-01,-9.579507499206949550e-01,8.140306667361825455e-02,8.199565421890769867e-01,-7.007011622911342164e-01,-7.453689813965869160e-02,3.415611591324074769e-01,-2.240990857709737605e-01,9.110333434160042820e-01,6.484867059781704857e-01,1.407568941897883452e-01,-5.420269482514855630e-01,6.467522960696957535e-01,3.671425796321607926e-01,-1.331997923727962496e-01,3.770978429762285589e-01,-9.593939927735611883e-01,-2.458840475106048307e-01,-2.581487622014003724e-01,4.625943699130866671e-01,2.436131711514319120e-01,9.190566370757382586e-01,3.274227556523336968e-01,-6.135960797008871426e-01,-6.487346782297392922e-01,5.074866065499488155e-01,2.082354526081406643e-01,-4.548634358517282816e-01,1.004568324295433968e-01,1.000000000000000000e+00
-9.573149584302085291e-01,-3.645680091312217003e-03,-5.265505857119050503e-01,8.889796309986740530e-01,-6.650947455272153419e-02,7.795953681498314358e-01,-8.182841033304797396e-01,9.573756981945384936e-01,-1.359342290904507755e-01,-2.011933005808170805e-01,9.387619539979049632e-01,-4.176507502366970659e-01,-5.228959635427143926e-01,-8.159455674271127723e-01,-6.175608340206619751e-01,8.218585013304022802e-01,7.202757397010277618e-01,5.071584735854268722e-01,-2.044693359567536228e-01,-6.625155784401548509e-02,9.436635716271851715e-01,-6.290799042019710186e-01,-8.784481488470923249e-01,1.484268822019569342e-03,-4.148582501094716379e-01,6.003655038335619087e-01,2.033879326287418160e-02,5.284242354854931101e-01,7.615816171410644264e-01,6.724675386119619014e-02,-8.337240436391168963e-01,-9.942930794662797611e-01,2.905680292720732583e-01,-2.095235758874274268e-01,9.774607632194323159e-01,8.535426484498950250e-01,9.659951037846731259e-01,8.835967928266745819e-01,-8.054664104730246965e-01,3.906373180072468809e-01,9.399382499523959433e-01,-7.088870856411642052e-01,-9.512338932353670007e-01,7.978196452951612505e-01,8.894398947087298613e-01,-2.230758263159041410e-01,-8.582988292704295252e-02,-7.604040005364609556e-01,-1.000000000000000000e+00
-9.374571475450836910e-01,-4.865628706653768454e-01,-6.638673037463782567e-01,9.879312846489006761e-01,-7.865626991410937241e-02,5.453586336455532591e-01,-5.632429649131075466e-01,9.451475212571741613e-01,7.523128372153499166e-01,-1.612455284832587654e-01,9.545769344907989451e-01,-8.554228624859506747e-01,-1.774647957178259461e-01,-8.512119199808310110e-01,-7.235389156223762663e-01,6.168556624958105861e-01,8.289396034861544749e-01,7.430813296366464149e-01,-2.248374950410069462e-01,7.106594904079155395e-01,7.209004249246556695e-01,-3.705153610415755083e-01,-8.247568108753162708e-01,-2.220960015347018535e-01,4.704360973957907865e-02,7.339744872518979557e-01,-6.872667299502062122e-01,4.437521789925536475e-01,8.949712988196791841e-01,3.680734647437438056e-01,-8.435700465235149714e-01,-9.835360251550856470e-01,7.578981224333120048e-01,-2.493112850941061887e-01,9.573298097968326870e-01,9.574175236608966078e-01,9.263893094347267487e-01,7.394134905769149668e-01,-7.051672485950284397e-01,2.521887394039905028e-01,9.925589887083964280e-01,-2.766575405099790386e-01,-8.982085027131014865e-01,5.566187465346872365e-01,7.662523596998555009e-01,3.534101603976203543e-01,3.359855865195860436e-01,1.715099642867999041e-01,-1.000000000000000000e+00
8.469186590843807982e-01,7.838693161192594738e-01,-3.613206530022226581e-01,6.226151335275814658e-01,7.951041601469520659e-01,2.480268072950448377e-01,-9.415331312297753330e-01,9.935115527032397642e-01,5.722097886608144002e-01,-9.587645886490575586e-02,3.637449443617212230e-01,-1.186997412864664175e-01,5.132609850292347842e-01,8.680175720619267565e-01,-8.372316604718503807e-01,2.203005936788661745e-01,-3.491650440093478358e-01,-8.109493357072568021e-01,8.446876318819082075e-01,-4.927586431538715783e-01,9.097118362648519696e-01,-2.207736878151784765e-01,-4.638223778349042647e-01,9.651744350793272087e-01,-9.784485370805358073e-01,3.893168145487773679e-01,-1.667828274018935963e-01,-8.479951748781903165e-01,-1.221677074835551546e-01,-5.781833891766692268e-01,2.749211112998664053e-01,-7.560139874182636444e-01,-8.559089186262035520e-01,-8.423316931301945143e-01,7.333338428469108328e-01,2.522932866898028870e-01,9.852556624560371290e-01,-8.423867082282172625e-01,7.218209921344351798e-01,-8.653629471760036773e-02,-4.655502084795249962e-01,6.258559657379493268e-01,-9.713213268803366773e-01,-9.899832494305836894e-01,7.801897985303104521e-01,-3.622018084230278490e-01,-8.220244348278702429e-01,-4.981284944495944500e-01,1.000000000000000000e+00
-8.761509561503489918e-01,1.673422124386030330e-01,-1.352860094275716019e-01,2.709137465270258227e-01,6.853396847638726364e-01,8.957421807669120328e-01,-6.863162393221804436e-01,7.481652181317888228e-01,2.004901637146550009e-02,-7.327174769252352560e-01,5.770031972065304826e-01,-2.017459003635516945e-01,5.592995868855484831e-01,6.870442565578177563e-01,-2.874031352765476499e-01,8.603264928026815861e-01,5.011580485251173611e-01,-4.418783460100056404e-01,1.252928545395628757e-01,-2.316126733594706666e-01,7.303068444116298519e-01,4.053906235048946871e-01,-6.855204925776978708e-01,4.693252376632337519e-01,-6.155052508139445822e-01,6.032242454576016710e-01,5.777933220622146759e-01,4.338277224759824469e-01,4.778406803551694115e-01,-1.745421950208060624e-02,-8.808898212752674928e-01,-5.239655185642712043e-01,-7.425590819699880996e-01,8.085920221009620934e-02,6.496960617875724431e-01,-3.611198945002520588e-01,9.331764927764627515e-01,7.293636249230966984e-01,6.999413818103142337e-02,3.231335037701126844e-01,-1.413588917675075163e-01,-4.453075873280884500e-01,-8.119839873863485824e-01,-1.378685655295075752e-01,6.579623060099897280e-01,-6.067118986262184377e-01,-6.092706444376319030e-01,-8.838718425289591174e-01,-1.000000000000000000e+00
9.626054554976446465e-01,6.934908804151612705e-01,-6.057838343806278836e-01,3.355557385203162823e-01,3.714303246899102184e-01,1.009970194917813313e-01,-8.729506384934729857e-01,9.788043334729501499e-01,8.391391523955924470e-01,1.390062192073349412e-01,5.542121718983265000e-01,-9.061195475888245143e-02,6.884516393137242174e-01,8.381562024866250349e-01,-7.509463739839479235e-01,-6.233633807897265289e-01,3.315626483098662591e-01,-8.808112245335287804e-01,9.214276907875004197e-01,5.401422156895546722e-01,-5.149320095403533415e-01,-3.341176105292776310e-01,6.567449461091634522e-01,6.423995458826331495e-01,-8.638689311804013116e-01,-1.037963016192903626e-01,-6.467930039251750252e-01,-5.530686674691255300e-01,1.394215093402752757e-02,-4.088059668671892299e-01,5.448877203258505331e-01,-3.281688048163782651e-02,-5.325547850371797204e-02,-7.270968634849687140e-01,-6.201559294117808818e-03,-3.341905901464355955e-01,8.279490911822846577e-01,-9.588697705510239588e-01,8.543973456007207812e-01,2.131209093787945208e-01,8.865096947056243515e-01,8.966927079912954124e-01,-7.706264220568634915e-01,-9.877091472420715945e-01,7.542530629416274168e-01,1.961147808266284695e-02,-5.994156392636247332e-01,2.678913154061131618e-01,1.000000000000000000e+00
6.793536109775107912e-01,-9.068450534778658145e-01,-8.382445134235378958e-01,5.740798018049715346e-01,9.621066212573939347e-02,-4.387961456489603562e-01,-5.170049103181145744e-01,-3.182068623712324129e-01,8.866802764011291194e-01,-4.923416546084670720e-01,-2.306556254136309936e-01,3.626000679312623709e-01,9.599201282320152240e-01,8.435584054412129662e-01,6.328767347193693660e-02,-3.929376614129025946e-01,8.963516557141300023e-01,-4.165512083593323478e-01,-5.404996758370758103e-01,9.181466222653010822e-01,-9.548374923094650191e-01,1.655492581857278267e-01,7.183944781005431324e-01,-5.559017406962155627e-01,-7.085914255530924299e-02,-4.901131660826991698e-01,-2.066124392038313773e-01,-2.623625500675484945e-01,5.617906769394224176e-01,7.009659925305199435e-01,-8.076604823754875984e-01,9.523016977922056370e-01,-3.614636724703067516e-01,-2.372038462201616071e-01,-8.823562255358864403e-01,-3.381217909482683304e-01,-1.004064044978468379e-01,-1.946846747964187663e-01,8.715228208920805519e-01,5.949201252920792715e-01,9.673843538008523035e-01,9.056668078904299701e-01,2.613294281028600424e-02,-8.718445956529028429e-01,-6.088390640845452451e-01,-7.572057482664400485e-01,1.435457627956719315e-02,6.354139271404330991e-01,-1.000000000000000000e+00
-8.345952000314140751e-01,-6.319842557205656020e-01,-5.358572161691342872e-01,2.512699474856584514e-01,1.725226495447367281e-01,4.076255517074518497e-01,-8.326315580272828365e-01,4.516211713035238051e-01,-3.856831643304872714e-01,-7.662217016381981383e-01,-8.071318540276203879e-02,5.686369818423827605e-01,5.778205931379222227e-01,4.928677716854508173e-01,-2.466626957390065933e-01,8.998216114228122509e-01,4.934663053268861788e-01,-1.503556677633875460e-01,-6.749148219481215794e-01,-7.880198813478604958e-01,8.955751283528438078e-01,-4.498472526577686481e-01,-7.079999407873971418e-01,4.133144540718498017e-01,-8.707934699000685619e-01,1.185859817165584307e-01,8.339883059703896429e-01,-2.146849685971336311e-02,4.515822213435427002e-01,3.649868105830320064e-01,-9.246168605458082723e-01,-6.275431999339992073e-01,-9.474863259307440000e-01,-5.265117984697587072e-01,8.257458880569183979e-01,-2.635851604025010175e-01,9.051077301963676991e-01,9.344047374050746813e-01,-1.654403687564067194e-01,3.657830726351104511e-01,-5.162359937815681477e-01,-5.268641822852623280e-01,-9.736933561147680383e-01,-4.573424561398543864e-02,4.030461044634552070e-02,-9.198859133056239701e-01,-6.460263026025223621e-01,-8.461931103427520195e-01,-1.000000000000000000e+00
-6.226350366693613747e-01,-7.190771034503723458e-01,-6.281317320785859692e-01,-5.298824682140286235e-01,-5.814451082056374398e-01,3.217332219314273933e-01,-6.388015951628697175e-01,-3.771891852966010594e-01,-1.679459173010933726e-01,-8.557468298087570480e-01,-3.224027217461447048e-01,6.822770326755348558e-01,7.728433288432845494e-01,6.556114352717905547e-01,-9.284670986717745433e-02,7.851488593237804237e-01,7.019705644669178568e-01,-5.718160275226609190e-01,-3.594615779364194186e-01,-7.844922738235687865e-01,-2.136777989487003149e-01,-6.427064612872480653e-01,3.345625668913055906e-01,-4.924759302931456251e-01,-7.593117278993846142e-01,-3.174068929162703334e-01,8.320404975460884422e-01,6.128391945057114487e-01,4.728642583196580595e-01,5.247301147800967902e-01,-8.920049003901129314e-01,3.318800403431241830e-01,-8.969171618722530104e-01,-5.446300431279953447e-01,6.419700955722814628e-01,-9.271019069904790078e-01,1.995975602736448640e-01,8.938062207196798559e-01,7.971878688074909847e-02,4.478721985403752437e-01,2.128505979050429597e-02,-2.886214820540579096e-01,-9.559672578826063916e-01,-1.120772251684451493e-01,-2.900871730230833445e-01,-9.124098367636550577e-01,-6.329304503483910160e-01,-6.373879743535532105e-01,-1.000000000000000000e+00
-9.894401628102497126e-01,-9.682859107374409691e-01,-5.484128974948468960e-01,-6.368576893777712078e-01,1.809160785956851758e-01,8.252623135478026617e-01,-3.154342593572045939e-01,-9.721340007529256644e-01,-6.284475532464055547e-01,-9.377479635237155886e-01,-4.151406812674030000e-01,8.412332154958687136e-01,9.178311626737564177e-01,7.405678288251954511e-01,8.213988152606225279e-01,9.468750685304593295e-01,9.431258907908089961e-01,5.992613352644452634e-02,-9.761887545146193945e-01,1.706793813509193680e-01,-4.252536585720259055e-01,4.977287321011150123e-01,-3.773901391537158867e-01,-8.669565115572546166e-01,4.468669095587042839e-01,-2.453697329506146219e-01,9.656414166427127466e-01,8.499714012854305833e-01,6.728665241631597294e-01,8.428237921584464942e-01,-9.966778293937054167e-01,8.818369978265987452e-01,-9.296347935514415184e-01,7.437503005809636969e-01,-6.234595082174864134e-01,-8.822671912331112587e-01,1.078748734401002857e-01,9.963617414164247510e-01,7.652542786811845736e-03,8.079794253145815563e-01,1.117970192315293348e-01,-6.772521464176102235e-01,-4.102008376561364078e-02,9.409686086261002114e-01,-6.510780334554808757e-01,-9.821368196197989286e-01,-2.152556345735756882e-01,-9.425831069644453608e-01,-1.000000000000000000e+00
-8.323227587000316952e-01,6.590104108414734929e-01,-6.025147198252952530e-01,1.802904819988242202e-01,-5.959367450076806794e-01,9.153902951541177391e-01,-8.699876082760344964e-01,9.717996557876305008e-01,-4.588249221073718576e-01,4.348020712486599937e-01,9.871065625421678869e-01,9.251244486822185475e-02,-7.947797163703627099e-01,-9.162347359406646241e-01,-4.010413973425434042e-01,2.379369597828981664e-01,9.034695732284954151e-01,-3.192372373500847876e-02,5.345358091864189642e-01,6.699560755452118599e-01,3.704141898862665094e-01,-8.343567954391749586e-01,-2.466344250118924497e-01,-8.154756594310020867e-01,3.849608391511182837e-01,3.700321385734557655e-02,-2.892881509442337684e-01,8.902343613205953021e-01,6.287179787711164591e-01,-2.465050527164052985e-01,-4.237478049234290611e-01,-9.959172313113920927e-01,9.415399751299176057e-01,3.397021350272042550e-01,9.242628380985098424e-01,4.950194631264637768e-01,8.732435532731015471e-01,5.202639748043730306e-01,-7.879773254225812540e-01,7.387872789717419009e-01,9.986216042246602864e-01,-5.265705352742477974e-01,-5.821347513639740789e-01,9.484007939817392652e-01,9.836391112949348647e-01,1.474392562567869991e-01,2.044576062221276636e-01,-8.404042097778503528e-01,-1.000000000000000000e+00
-8.016718871632586563e-01,4.849461657293556716e-01,-1.566361617917771398e-01,3.269676392901100237e-01,1.731150694648137534e-01,8.483573973666468371e-01,-6.689741018760569924e-01,8.930151490906039768e-01,1.718814888158825549e-01,-7.403712953351887505e-01,6.672647422381582372e-01,-4.668546147355469023e-01,2.722556281970061609e-01,4.583367228401925564e-01,-6.750045869128215026e-01,8.440549959849090733e-01,2.716159260944888687e-01,-5.516947499487667717e-01,6.867198463022825550e-01,-7.558798857921040781e-01,7.561037255195317552e-01,-2.350774759315860107e-01,-5.020724054035644590e-01,4.767329819640288568e-01,-8.276630217743773388e-01,6.445314630159166835e-01,3.925554033471894133e-01,5.813445639332420756e-01,5.266706261864511074e-01,-1.756341325597860492e-01,-6.943735894654028407e-01,-8.338726008788284183e-01,-6.403857262304939457e-01,-4.920039467808092204e-01,9.457054130500817113e-01,-5.763088630694760406e-01,9.072055240936847120e-01,5.763396388955440708e-01,-2.319093161705106931e-01,4.452541787340524165e-02,-1.019913421322522079e-01,-5.344196611776320660e-01,-9.711140867156521361e-01,-4.214598336714345250e-01,7.436015275911221911e-01,-3.034184607791525212e-01,-7.060916147236280249e-01,-7.605178313449040273e-01,-1.000000000000000000e+00
9.746160787470354858e-01,9.846035230146101824e-01,-8.891312347225728552e-02,-9.092112211021906587e-01,7.426162149421853265e-01,8.549774193731676242e-01,-9.651570059432846849e-01,9.944315985900818999e-01,-7.840790590328679255e-02,2.235248011593403972e-01,6.147222814547732561e-01,6.235055006743250861e-01,3.515097693545405910e-01,9.575455486241396530e-01,-6.409588550297475873e-01,-4.079505847741318192e-01,-1.959744014119126077e-01,-9.859832718702560284e-01,9.864026453798532268e-01,-2.544121089799293856e-01,2.266542309271062650e-01,-2.590176969206481328e-01,6.355033933437614913e-01,8.767863212843800547e-01,-9.521988552395541650e-01,-2.201589403107184206e-01,1.050111981927374372e-01,-3.804170123120073077e-01,-6.813707141393118283e-01,-8.604689085043358832e-01,8.053190080422891750e-01,-4.168040512930566988e-01,-5.800010846393415243e-01,-5.036434979989052874e-01,-5.729670414496130376e-02,-9.144119599255682296e-01,9.563996049384873022e-01,-9.778585453290737917e-01,8.853514886774525028e-01,3.761667020263509409e-01,-4.911779323046309986e-02,7.314754472268681917e-01,-7.012767835039852571e-01,-9.848328706624616125e-01,9.693847247062623573e-01,-3.049299604469469238e-01,-8.918931893925956533e-01,-9.047029676588221880e-01,1.000000000000000000e+00
5.936942069203017258e-01,1.528961525372243280e-01,-2.546882546460154662e-01,4.412020227222471225e-01,8.751332219280872904e-01,8.018025310074243794e-01,-8.101104427784804052e-02,4.765948205307222740e-01,9.622958230007558900e-01,-6.591742290576925178e-01,3.993250072737125622e-01,-7.427768982112573637e-01,9.692164495978277117e-01,9.798481868836461661e-01,-2.143908403944294605e-01,-2.899392849577384079e-01,7.200477148021784402e-01,-8.558044461254115109e-01,8.131226510709559374e-01,9.572276444344811619e-01,-9.708604518574170950e-01,9.295406105070035396e-01,6.676021281302386701e-01,1.842030408099999128e-01,1.073613376505703071e-01,5.041704215292532876e-01,-5.906129549336899265e-01,2.176795832758130766e-01,4.501465370413063050e-01,7.964409682493858722e-02,-5.922415355405965531e-01,9.791813827084193678e-01,1.826266676656112739e-02,3.707615537954530027e-01,-9.270450595600142618e-01,-7.627562678075975322e-01,4.289368411221869404e-01,-8.824763289703255742e-01,9.516428160232127675e-01,2.986566895088711426e-01,8.484426414588323029e-01,9.043774540547270258e-01,6.961854776269789102e-01,-9.748700220360068114e-01,2.516087884451541634e-01,1.808463558855465947e-01,-3.802713276776479301e-01,2.849431913416193840e-01,1.000000000000000000e+00
-9.825154564035792903e-01,7.504066393918006339e-01,6.126545626654090748e-01,6.395766702684637650e-01,7.469865371201980242e-01,9.893626060305001912e-01,5.526356317932528128e-01,6.874863605613650286e-01,8.627939020083037480e-01,-9.687364821103467971e-01,7.725254960425653739e-01,-9.845467613307133936e-01,7.730353937809641973e-01,9.079425503475464510e-01,-7.539695645116440970e-01,9.565549741969013864e-01,6.784738147659442886e-02,-7.132989027766581946e-01,9.562937727121120224e-01,-6.701709698267952486e-01,4.420719102057287658e-02,9.101850103337413289e-01,-5.412032641890290874e-01,5.737997428706035352e-01,-5.045359104442467268e-01,9.735911056517529971e-01,7.951486214363040483e-02,9.430117048874995245e-01,8.024601087375965447e-01,-2.219289093359458620e-01,-8.836963319982585885e-01,1.515441677726780401e-01,-5.092216207417832319e-01,9.198788185677372886e-02,9.378205767264654602e-01,-9.273596378620870828e-01,8.215267359565551208e-01,5.123593417876692868e-01,1.440797833226565086e-02,-4.777556913212504530e-01,-7.593808259550093309e-01,-7.160865844324365570e-01,-9.106914065500046895e-01,-7.126197143286053803e-01,6.800806365775237117e-01,6.583977414658439553e-01,-7.906376633911177398e-01,-6.429008676608117812e-01,1.000000000000000000e+00
-2.182001946137853976e-01,8.230153572869497447e-01,-6.355111637026991112e-01,-6.104743675254443724e-01,2.825681944281618896e-01,9.605194872462794464e-01,-9.576281039198968337e-01,9.771720537768703307e-01,-7.112198714153129542e-01,8.546131193374867374e-01,9.912631214322222828e-01,7.882826952863817294e-01,-6.994648519001035458e-01,-7.540255272201883407e-01,3.698876910791658035e-01,-5.512320904658225551e-01,9.617776177684278505e-01,-4.518100026515980971e-01,3.245555315283844555e-01,9.885897524966550387e-01,-2.792806085467764432e-01,-4.645704314361328580e-01,4.447059364739253118e-02,-8.533958114966899711e-01,8.296152851038257614e-01,-5.404304890935498484e-01,-3.034719536496898185e-01,7.551591816001862467e-01,1.352914174600908237e-01,-4.678050614763938353e-01,-2.356363818322289860e-01,-9.808700562936538692e-01,9.756192998229545887e-01,8.880513390240860616e-01,-5.086759441182786556e-01,6.335113739906714780e-01,9.228269178718185861e-01,-3.038962872931199044e-01,-1.623956187790952521e-01,9.330617050694944847e-01,9.997806303672174266e-01,2.165672063056467700e-01,9.133426964129738312e-01,9.593652050069040316e-01,9.947524020939536582e-01,-1.908374269521820876e-01,4.459197280535324159e-01,-9.603946005730037427e-01,1.000000000000000000e+00
9.153536325964484188e-01,4.162249437684492070e-01,-8.432348157504760966e-01,-5.885289739001827725e-01,-5.216683748076614835e-01,-4.449755008026429204e-01,-9.919024399790552504e-01,9.844808682852251858e-01,-7.719145287567978908e-01,6.114471178791381911e-01,4.169497883202480382e-01,9.700074568756821281e-01,-3.825660077783697988e-01,-1.827140753230339365e-01,-5.268234525093747900e-01,-2.147530816026404221e-01,4.378245440750787032e-01,-7.105204744889106472e-01,1.003751733383042022e-01,-6.493870755310610088e-01,9.035143646216780011e-01,-9.792456849121523588e-01,1.151239800612406244e-01,4.500342340866599899e-01,-9.651505839891986183e-01,-8.447535872384991373e-01,5.355462824299314084e-01,-7.421422654936846719e-01,-3.959757323210162383e-01,-3.571760275878161361e-01,3.715744503811777011e-01,-9.773497714683149207e-01,-7.011055658845348759e-01,-8.594228580514725602e-01,7.946514683562720949e-01,1.515218671239338122e-01,9.482421778169340953e-01,-2.525093046201904445e-01,1.119164993994402058e-01,6.771828372910657645e-01,8.250398508321455937e-01,3.992876920816031960e-01,-9.786478991306869490e-01,-5.934146019746784351e-01,8.608170704116553384e-01,-9.174605952374481621e-01,-6.369223789918714296e-01,-8.266128961353584881e-01,-1.000000000000000000e+00
-6.652630493747396789e-01,1.742585822117377614e-01,-2.607111355819858867e-01,-7.463382463393043453e-01,4.299086919106163696e-01,9.568238389954250023e-01,-4.075873899396753597e-01,-5.610184463034680047e-02,1.551298682794381434e-01,-6.471610772962901326e-01,7.098896934534807412e-01,2.282688231348248276e-01,7.824585473649117162e-01,8.155979934182081559e-01,4.055784067849067531e-01,3.740927111028823360e-01,8.968271143028124781e-01,-7.860498666937096868e-01,4.131486836539164931e-01,8.391926570905193783e-01,-9.133238930358885677e-01,6.268978089281839194e-01,5.449854092196447786e-01,-7.667270349539313523e-01,5.693918148243437560e-01,3.109959574076148064e-02,4.308525327197562649e-01,8.947042014862098824e-01,4.130731069033992120e-01,1.266738679537489642e-01,-8.506884590214931485e-01,7.267558866572686460e-01,2.218234816483104221e-01,7.699765320358403775e-01,-7.311775143790908427e-01,-9.217937367436598306e-01,2.863948972343934862e-01,3.200850283310343602e-01,5.690636263131110262e-01,7.336605324289976471e-01,9.271774842197807454e-01,1.488888615837483109e-01,6.816531832659618040e-01,3.811807584891876988e-01,7.255575212084767189e-01,-5.093591559947006076e-01,-2.738321419044297267e-01,-8.507999566919949297e-01,1.000000000000000000e+00
-1.671855565425366119e-02,-3.218234578858875095e-01,-7.122098683655485596e-01,-8.074605730126201975e-01,-4.207954014946475030e-01,5.320491601117393055e-01,-8.779425232906795662e-01,2.550401558350578468e-01,-5.425873511270250527e-01,-3.273324414418194994e-01,3.231380020274140508e-01,9.037214226271103046e-01,5.109776585729375320e-01,4.184507822714136904e-01,2.428961477161709626e-01,2.659495727894324313e-01,8.556641255305647009e-01,-6.842069950966495062e-01,-2.771314443668004279e-01,1.271970663253557676e-01,-4.492854115761795719e-01,-7.045933465190050704e-01,5.232180446207423952e-01,-6.954998100220960433e-01,-3.908675442887258877e-01,-6.931454981790009517e-01,7.216853459443830499e-01,5.310859230129486575e-01,1.471010195914179974e-01,2.475868059169293867e-01,-7.244329596378167313e-01,-1.391149316481156140e-01,-4.719566248170465328e-01,-1.460963433399745277e-02,-1.192881293966621403e-01,-8.223600467812429704e-01,4.402679014449763506e-01,6.145340380280798209e-01,2.653931404611910572e-01,7.759122753074810808e-01,8.960941299388244241e-01,1.206558517258109614e-01,-5.656302171881767427e-01,3.634384107930032082e-01,5.468872290968435079e-01,-9.016119718448430964e-01,-3.907371072235518161e-01,-8.380095593899721251e-01,-1.000000000000000000e+00
9.756305100613718029e-01,-4.184919461981251865e-01,-8.990923323737057826e-01,-9.828560669063949318e-01,-6.539910781202046275e-01,-4.829114139466914590e-01,-9.815475720907043122e-01,2.297951965092973337e-01,-8.035629326514909243e-01,3.081303916763526995e-01,-4.847724584330563302e-01,9.971176668226442441e-01,6.881259983583534190e-01,7.612475448654361099e-01,5.136240073194148215e-01,-6.436431319661704009e-01,8.606472902899923172e-01,-9.193114636191863642e-01,-4.621303359632386032e-01,1.738383695504397419e-01,-7.710898164283840339e-01,-9.432293618094264032e-01,9.237894261192426404e-01,-6.967544294452355791e-01,-7.869050701667121839e-01,-9.786643766145055601e-01,8.460878565513659799e-01,-3.953949165125326126e-01,-5.934071293206222286e-01,1.814336324461795213e-01,-1.112754558863524174e-01,5.525267906904699489e-01,-8.009352723553058162e-01,-4.584979207943855051e-01,-8.692724976145438376e-01,-9.350115626676790415e-01,1.241377303875770555e-01,-2.178079548421125444e-01,8.179627367394880499e-01,9.003614598394781288e-01,9.175679049030770473e-01,8.128007253353564110e-01,-4.256202193031226599e-01,-4.845585951839053163e-01,3.237143495488410960e-01,-9.860610935309577219e-01,-5.409199122065627696e-01,-8.324747973522791389e-01,1.000000000000000000e+00
-9.372700102324902360e-01,-3.522188763982037063e-02,8.762366098232936273e-02,-5.802164883880250867e-01,4.036368177041353422e-01,9.560911759961702172e-01,-1.784867836875137295e-02,-3.950566809564692861e-01,2.170510369092524816e-01,-9.454601112354977799e-01,1.908931040644626098e-01,-3.282506398499013822e-01,8.637505266219678290e-01,9.179606961221580264e-01,7.816822852807733465e-03,9.078948375416532324e-01,6.307050479715731184e-01,-7.635290874450924026e-01,4.503147038790036305e-01,-4.925248419853193727e-01,-5.200604989357312524e-01,6.743188207898107578e-01,5.414063746421853007e-02,-2.752382750673642575e-01,-3.102589715553389360e-01,6.023328914825945013e-01,7.816983050118244680e-01,9.073456170280698174e-01,5.696141550122062469e-01,2.341469196572200373e-01,-9.406100045854386416e-01,7.609086814994223680e-01,-8.096484132086605445e-01,3.331343496338884380e-01,3.338131973434012578e-01,-9.750099107506462470e-01,4.214995890913433851e-01,8.371390346332527876e-01,3.011901411109242921e-01,2.890956843930010400e-01,-5.098835798146809095e-01,-5.429322554227440367e-01,-6.742756570900185764e-01,-8.439644960472965363e-02,2.275503752847364558e-01,-6.294885485637692346e-01,-7.108098889691708555e-01,-8.607661039268451608e-01,-1.000000000000000000e+00
-8.163322400341689903e-04,9.682827981454430466e-01,2.368110696994037978e-01,-8.244444914601548602e-01,5.283317606483119988e-01,9.902715177297447546e-01,-4.318197320852455445e-01,9.226338144621935022e-01,5.164726581656795545e-01,-4.277276907365454850e-01,9.417695456036652146e-01,-6.121715491359790429e-01,4.392345820320471272e-01,8.615832872449875612e-01,-3.560418887601403126e-01,-3.286599078863589041e-02,6.690101819493833313e-01,-9.586060075152380566e-01,9.893397503023103612e-01,7.316995597378986860e-01,-9.192235237722881092e-01,6.274034127851750853e-01,7.601310454780672021e-01,-3.772812325592095339e-01,2.224187753160063175e-01,5.221054316984333754e-01,-3.297183653832593264e-01,9.406396204912080838e-01,1.841371647658288091e-01,-6.698094879429199455e-01,8.193313560426591924e-02,1.154650585829302134e-01,7.862675839116450849e-01,6.369944277941289590e-01,-1.467587173422731928e-01,-9.684679531131389352e-01,6.030999803279505356e-01,-8.636773877750150152e-01,6.367797949401481361e-01,4.713106268782015773e-01,9.335476427582743986e-01,2.794885135748557126e-01,4.924351496094702685e-01,-5.354975291072939791e-01,9.752408297810669646e-01,6.257018630982542629e-01,-5.962569656666180107e-01,-8.334315266851366477e-01,1.000000000000000000e+00
6.220023254315959482e-01,6.433689371898183573e-01,-3.865941753631349509e-01,-6.370731655954235961e-01,-7.588119861051006998e-01,2.752952114982509801e-01,-7.221081008248462219e-01,8.580910072220320206e-01,3.747565542688312545e-01,-8.234249109196224437e-01,-1.318351513954297838e-01,5.941220621816335062e-02,5.533743099452391734e-01,8.198981920696749581e-01,-8.562186496881145636e-01,5.674938844560797335e-01,-2.021850361056001799e-01,-9.340247565030694865e-01,9.577459079476926540e-01,-9.822529748702321095e-01,-1.776837655337767594e-02,-8.805607136065500828e-01,7.507631620021161245e-01,4.369568097102183857e-01,-9.820558175924849476e-01,2.649439767041495211e-02,4.782090165793820846e-01,4.969107438286288203e-01,1.553844436438161503e-01,-2.815565292240087558e-01,2.049398124858326509e-01,-3.216980032925743638e-01,-8.817637711574757287e-01,-9.457989470165625301e-01,9.710735194134679782e-01,-9.846651827173116267e-01,4.148127548024757028e-01,-3.120531041201133893e-01,2.774572501389622747e-01,-2.523437702509235270e-01,-6.410834869895920551e-01,-1.331286011202645510e-02,-9.978031683194654722e-01,-9.655965369751436933e-01,3.961161574102908811e-01,-4.689343445755650985e-01,-9.058429891567087999e-01,-2.062754747417080148e-01,-1.000000000000000000e+00
4.835842468796757720e-01,-9.033626205611199333e-01,-7.159696994148846416e-01,6.786384718533655658e-01,1.955648785153857871e-01,-1.299072322008969771e-01,2.373385057330081038e-01,-6.926513362539922225e-01,9.748748274325252927e-01,-8.380103187147504018e-01,-3.811371796780511079e-01,-4.975202550779688759e-01,9.872270521915874619e-01,9.537135871104645002e-01,-9.958312692441409486e-02,-2.078003980378677340e-01,8.675811345725983337e-01,-5.925743200712070280e-01,-6.244410589208311199e-03,9.010498402659140593e-01,-9.913362735409774196e-01,6.948075698858918736e-01,8.391970602065655926e-01,-5.779865315382697322e-01,7.688747524941377809e-02,1.474911445296244600e-02,-3.903711965955624641e-01,2.379173645043769492e-01,7.217953927721492136e-01,7.445916131641130420e-01,-8.586703992726570922e-01,9.939510648862892594e-01,-3.852514714722740097e-01,-2.074263126809368640e-01,-8.893599730085507415e-01,-8.146448043518599302e-01,-5.624689752766750539e-01,-3.472777909063071156e-01,9.208259392212235772e-01,3.105933805551018834e-01,9.164458285397431014e-01,9.118564664106135753e-01,5.944790678482021751e-02,-9.574021480157791641e-01,-7.983969722446861983e-01,-4.512353190163198025e-01,-1.333421248557550565e-01,8.461698333968271646e-01,1.000000000000000000e+00
-4.787799237922722995e-01,8.323454797022228346e-01,-5.077017870794152676e-01,3.507059235029745259e-01,2.163803358402609789e-01,9.561441740186052973e-01,-8.431100362326190423e-01,9.847197042038005055e-01,1.427100833241232991e-01,6.732769406649026234e-01,9.929409276719216582e-01,-2.808034553269405098e-01,-5.871585349230838968e-01,-7.358930409294991426e-01,-2.611515747076356697e-01,-3.891601190067745519e-01,9.267052500001903281e-01,-3.065774993159397499e-01,7.631347467747219282e-01,9.780532212943482406e-01,-3.870635022940484560e-01,-2.147914225950774414e-01,-4.373008186253635188e-02,-7.378736628920294915e-01,7.548168660203917746e-01,1.845578421809974667e-01,-7.338761963354946127e-01,8.192059704360475925e-01,5.418037307924126189e-01,-4.297722308268433489e-01,-1.767807738424173047e-01,-9.785541896516677385e-01,9.823991645056486810e-01,7.390082689681211070e-01,2.850415485426396889e-01,6.854029898865823256e-01,9.030138535790132037e-01,-5.029493316385044155e-01,-2.634540592832067540e-01,7.880698789779529978e-01,9.996306006769936081e-01,2.020515433667239569e-01,6.600898126106469199e-01,8.259321648640853830e-01,9.910152209411938751e-01,5.677356302706795255e-01,3.867014870195231158e-01,-7.721999305675310010e-01,1.000000000000000000e+00
-5.973918848977265439e-01,4.066255600554793403e-01,-5.315650216785020588e-01,4.204228108918991458e-01,-2.874559420184649716e-01,8.423021629781911601e-01,-6.634911763804501872e-01,9.073220906913000983e-01,4.032241490067106637e-01,-1.130420419419675832e-01,9.389833957431678035e-01,-3.834289472866718174e-01,-4.973613690828244255e-02,-3.910552543845087214e-01,-4.796297333494127790e-01,1.890888286669420160e-01,8.401326484813661510e-01,-3.405793485245276475e-01,6.650197393919309308e-01,6.653556170305640061e-01,-3.666413155293673509e-01,-4.395257497488692655e-01,1.174298931768898435e-01,-6.234368662370601832e-01,1.302429651400795474e-01,2.669235550207035845e-01,-4.018965729394426423e-01,7.994952873815774907e-01,6.527919559270142225e-01,-5.182023511354959949e-02,-5.030328586714110095e-01,-8.883992375833440480e-01,7.925693281616021935e-01,9.403061308905824589e-02,7.468878312298729005e-01,-4.639484058652860315e-02,7.223480814988115783e-01,9.653913442435260728e-02,-2.593846291182256292e-01,5.311835313560566707e-01,9.912267823462538319e-01,-1.141758201676804779e-02,-5.706246747705510103e-01,4.049035635659853916e-01,9.056034151128841136e-01,1.936728669988403151e-01,-3.909524389936511191e-02,-4.549949490139518771e-01,1.000000000000000000e+00
-8.044953232712960256e-01,8.922282874333365976e-01,1.207382223758749901e-01,-5.929021245564549680e-01,2.219933628375315993e-02,9.548777462669616467e-01,-7.891931285761326631e-01,9.500693364374610539e-01,-4.736279052205571993e-01,-7.174542976601696598e-01,7.863096536979855555e-01,-1.812987139540703507e-01,-2.062254154062163336e-01,4.644410642605018014e-01,-6.837786577839418678e-01,8.783049266085636297e-01,6.180552259957827754e-02,-8.240489583684129649e-01,9.113353638477762475e-01,-9.255165145855583919e-01,8.474070631510325358e-01,-4.922090512885649027e-01,-3.685337372583541993e-01,4.779401881540807917e-01,-8.861457419607371433e-01,5.972321751911456866e-01,6.484805307516926520e-01,8.088762414712654669e-01,2.517523778008698976e-01,-5.571689567867225135e-01,-4.376966512465038650e-01,-9.420112355630658740e-01,-6.336354506211185900e-01,-4.287041179722194673e-01,9.757145131577359409e-01,-8.940837951438164177e-01,9.293129129573876046e-01,5.040449407774325596e-01,-4.182158414625349874e-01,1.081744371556142975e-01,-4.559479260721027716e-01,-7.699184132921127466e-01,-9.796986602746750039e-01,-1.426879765270247791e-01,9.309356744199608347e-01,-2.865436084935653049e-01,-8.382705190822016261e-01,-9.456398394283332953e-01,-1.000000000000000000e+00
4.915325277941526294e-01,8.611306952425219485e-01,-7.548221926530491732e-01,-2.459200771925774964e-01,-2.242224729028552133e-01,7.635486822924051342e-01,-9.847843710393343608e-01,9.964322459190601000e-01,-7.117764025805854988e-01,8.982209489945710557e-01,9.846329779501092894e-01,8.221961173740202078e-01,-8.532502746964071294e-01,-8.697455214976128612e-01,-3.355095129743010940e-01,-5.674434942520367731e-01,8.681713179794317004e-01,-4.276822469129271109e-01,5.454967064397426846e-01,8.702302277345578263e-01,6.768493530596447760e-01,-9.183016993147342655e-01,-1.115443633047530081e-01,-4.601912827290774444e-01,-1.047345179537059467e-01,-6.121665245034703107e-01,-3.931152125619383764e-01,1.999062493459100864e-01,-7.081590154170375000e-05,-5.909203242372833564e-01,3.968297485472116470e-01,-9.976733415405105720e-01,9.256522857185384145e-01,1.825357213748850238e-01,6.321502865156184425e-01,8.202507337179637537e-01,9.669396665060486784e-01,-5.288300821009350727e-01,-3.910241703230363797e-01,8.550535109185746219e-01,9.991910146999938291e-01,2.350387190298560414e-01,-2.315482808503796786e-01,7.787220588665286769e-01,9.937083836929665459e-01,-2.506411749268320777e-01,1.279827011555330074e-01,-9.063794377687820480e-01,1.000000000000000000e+00
-9.772689494391832987e-01,8.962052983350168311e-01,7.407162259534465498e-01,1.797520316456024114e-01,6.493206536017489539e-01,9.910161136072691557e-01,4.985989434752599037e-01,7.624119156678080822e-01,7.752533697764741882e-01,-9.846937907501519538e-01,5.819799556407753149e-01,-9.820822490776667246e-01,7.465305670926078996e-01,9.563954923820017218e-01,-8.543694550336745630e-01,9.784979330938230468e-01,-4.540663016709279298e-01,-8.835002998697781829e-01,9.864640511739939388e-01,-9.693101517276014878e-01,4.486967336162266395e-01,8.407879997889398105e-01,-4.617710603710923900e-01,8.001703136647385639e-01,-8.809118656687074944e-01,9.774314285975618244e-01,4.590324851565496522e-01,9.501776010931645144e-01,7.032610530369325375e-01,-4.488352947289302453e-01,-8.058093170228998181e-01,6.381842660585283766e-02,-8.602940712330868767e-01,-3.921826874179816236e-01,9.848097632172155835e-01,-9.871045740021667791e-01,8.391964619708974782e-01,5.009828588904299274e-01,-3.873870923217186818e-02,-6.713943856515345310e-01,-9.799562804679406991e-01,-8.414648242758289154e-01,-9.873805130686116316e-01,-8.850424954650688569e-01,6.813827058193102637e-01,5.857581646487441951e-01,-9.278962467521728597e-01,-7.795285742997426492e-01,-1.000000000000000000e+00
-7.840786912472549330e-01,-8.126720191864550413e-01,-4.946489332698941199e-01,-1.268631628261377917e-02,-4.988248070655083577e-01,3.554511520983155148e-01,-5.555872463693100477e-02,-6.664588257587237274e-01,5.651129160596314316e-01,-9.544545612875969809e-01,-5.117217353471240626e-01,-8.504184375737643131e-02,9.158435532798701040e-01,8.448053177143775017e-01,-3.262986535395557830e-01,8.652208818536879509e-01,6.059452261693138997e-01,-5.518141959601001734e-01,-8.700407147055602697e-02,-8.342851170775351655e-01,-5.810742647848682330e-01,-1.961489466068629672e-01,3.759338839764042040e-01,-3.752889475066576441e-01,-7.625144063137102579e-01,2.273982143532197187e-01,7.412228260565112414e-01,7.234259862188623380e-01,6.927808015388098317e-01,6.441451125071874229e-01,-9.325947503513001280e-01,8.107461016015635735e-01,-9.248670332651950377e-01,-6.404171843557069366e-01,7.201057038420146661e-01,-9.598634484845874892e-01,-1.268855917201544004e-01,8.901417085337869350e-01,2.370883069434451262e-01,7.470172150639958764e-02,-4.541652795904791429e-01,-2.483814091660053458e-01,-9.723165509981100962e-01,-6.210172588170359553e-01,-6.792757257237967972e-01,-8.132184306085938896e-01,-6.840387113173513889e-01,-1.279869184852121533e-01,-1.000000000000000000e+00
-3.461974109142424982e-01,9.167968954552370153e-01,5.749721693320945792e-02,-8.426104404346771437e-01,2.673493554045930365e-01,9.741147435251393816e-01,-7.119666285074526257e-01,8.984710120093113428e-01,-1.512146518598218581e-01,-5.193793102832223729e-01,8.548609681289800477e-01,-2.528886400743037000e-02,2.227493700951092559e-01,7.456401624307474885e-01,-3.434311682498971119e-01,4.710504025829775898e-01,5.491276192713625548e-01,-9.213402153284615537e-01,9.469248612656672170e-01,-1.144519715019167438e-01,-3.854199805630517117e-01,4.693749442930027910e-02,4.435829742189191793e-01,-1.503973359147275368e-01,-4.199710532082823189e-01,3.137001012894197749e-01,3.461376190890212978e-01,8.795605213452319937e-01,1.115935370602902932e-01,-5.625540294096321725e-01,-2.447407005347760900e-01,-5.027607841639266661e-01,1.232579855207501934e-01,2.794865263111974141e-01,5.201987977274384889e-01,-9.512970094295241097e-01,7.712188314062867756e-01,-3.289279350902359345e-01,2.840429632304001251e-01,4.732222740489668844e-01,6.622850050877362449e-01,-2.232835114950485755e-01,-4.919707882850989367e-01,-2.190848365217265004e-01,9.508186447828144150e-01,-6.101091589936318005e-02,-7.051844160793977467e-01,-9.217329183392921621e-01,1.000000000000000000e+00
9.387157164685483446e-02,8.680815130648511513e-01,7.817744895444886377e-03,8.998794725509954295e-01,9.697276793654127092e-01,9.162622451924161693e-01,-7.884985337769866431e-01,9.936080851455186824e-01,8.470213699404266494e-01,5.525557476739660634e-02,9.178706496650019808e-01,-8.593389004296514422e-01,5.359465724221996741e-01,8.180622092745059026e-01,-6.859214238043076506e-01,1.476377182830860002e-01,2.781409930900269334e-01,-6.036236103092512684e-01,8.660339518009029236e-01,9.070215885940103862e-01,6.526362668530500954e-01,8.648162981941474037e-01,-7.362521598014102331e-01,9.127414127505983910e-01,-5.037969574449745469e-01,8.387828943838370188e-01,-7.301557170501772331e-01,-4.616233108015434516e-01,3.362026976859232574e-01,-5.945337098286448407e-01,-2.430288044857165930e-01,-6.645772295634166937e-01,2.388741340557336834e-01,2.309529633742414823e-01,-1.509661436747316947e-02,7.903923918970336970e-01,9.900267582489191698e-01,-8.771970546312582995e-01,7.307905488500052726e-01,1.445934643039369361e-01,7.598824813563104241e-01,6.334373611367349888e-01,-1.779079386279399863e-02,-9.345674056820474362e-01,9.407736414489658028e-01,5.480835005616200295e-01,-4.459938038327297405e-01,-5.908453627159508947e-01,1.000000000000000000e+00
-9.750663467476010648e-01,-6.452567753497981951e-01,-8.309120150129080118e-01,-1.993472923722360013e-01,-5.556155938325311183e-01,7.785695576134281648e-01,-9.680828794185143416e-01,7.271624856665934722e-01,-9.653568544748719615e-01,4.989510950928396360e-01,9.473889592127175963e-01,9.586375639224836709e-01,-8.059949266514456756e-01,-9.683645731449120886e-01,5.573889106396555659e-01,7.167507641166971366e-01,9.691745979170293124e-01,6.988801098088354147e-01,-9.645610924664643759e-01,6.600798721731233609e-01,9.207890039187246467e-01,-9.194899562856280184e-01,-8.281119973386377175e-01,-9.093260086882164472e-01,5.345667090022855339e-01,-6.747988406005142048e-01,7.982119687798839847e-01,7.093305739974165025e-01,5.500159711620966618e-01,4.018764681454027876e-01,-9.472942391196118583e-01,-9.974229686615947443e-01,5.377188469439215801e-01,6.705026453222665550e-01,7.586713843184764716e-01,8.741380773167571894e-01,9.348403560656858291e-01,9.901360137680536022e-01,-9.059030865185646597e-01,9.346171034508284903e-01,9.971703958575917071e-01,-8.241719092505755961e-01,-3.982017073274542462e-01,9.984323874943600297e-01,9.355094633187204245e-01,-9.382308879839875715e-01,4.689130965375116755e-01,-9.830738229022132346e-01,-1.000000000000000000e+00
-9.922800784561524035e-01,5.698955585984682992e-01,3.597952669029743089e-01,9.356992738146421296e-01,9.222303072895672305e-01,9.859174900196432390e-01,-1.873449359229309719e-01,9.304801013651792241e-01,6.235913261989282086e-01,-7.851319442672969329e-01,9.426562232936664953e-01,-9.601546552572709503e-01,3.075371921228355898e-01,3.831332006426373948e-01,-5.802347313470985757e-01,9.431398818337989320e-01,4.729465234900679382e-01,1.307327116216623619e-01,5.230458297052074101e-01,4.192357755612065029e-01,8.886870893796279258e-01,9.019435587294839518e-01,-9.490454061993344181e-01,6.791777085882245713e-01,-2.691558682421662727e-02,9.644454702499306586e-01,-1.184982802935792140e-01,7.446258908373286634e-01,8.122864065311033999e-01,-1.883183778057242186e-01,-9.374448409965454587e-01,-8.856051919523602045e-01,-4.570680510187736384e-03,5.712186767134497245e-01,8.913271022761758422e-01,6.002135964729657935e-01,9.833267507185953216e-01,7.620607577978147917e-01,-3.849682733638840060e-01,-9.357620949022638773e-03,2.530534508893507728e-01,-7.337870419067302752e-01,-6.416779480523507884e-01,2.703827932665952560e-01,8.915384032825265370e-01,4.740538056935746369e-01,-3.906154167335458283e-01,-8.616873900384663942e-01,-1.000000000000000000e+00
1.039276957165480020e-01,9.888506200295448245e-01,-1.915701654774294715e-01,-2.654442705520611567e-01,6.414426315321358762e-01,9.684911735626030582e-01,-9.830130327454984496e-01,9.994839720317850729e-01,-7.189208931459752927e-01,8.211630944934090737e-01,9.914535062940272869e-01,3.069200562919414677e-01,-8.959847121618662591e-01,-5.856320065097688765e-01,-6.431839664726064498e-01,-3.112365821247687833e-02,4.674245540275905886e-01,-7.324807214371014119e-01,9.356922895495023429e-01,5.646601034166671695e-01,9.549737904063535510e-01,-6.532524783719956263e-01,-6.615366070215781269e-01,6.061264237377953501e-01,-5.842169081553363341e-01,2.337719078508537218e-01,-3.445788490183246955e-01,2.401048197370793114e-01,-1.944117103063214835e-01,-8.776760536593178896e-01,5.754271322888667717e-01,-9.990212594085086106e-01,8.324362136001147716e-01,2.565314959222074198e-01,8.797537710705397584e-01,7.226050744536216541e-01,9.955594446063256164e-01,-7.557054965394917057e-01,-3.631841496466609587e-01,6.728855732609699825e-01,9.792251833893524937e-01,-2.332665421138596373e-01,-5.250217602734739142e-01,3.956575798691561174e-01,9.984875133060125973e-01,2.948463640787991613e-01,-4.423468237410498327e-01,-9.778613782754499439e-01,1.000000000000000000e+00
4.951207976445362036e-01,6.100331932536093849e-01,-8.221633655234833471e-01,-9.369558856236500644e-01,-6.250124894316702040e-01,5.937668398563147321e-01,-9.928040374048656691e-01,9.657645934148699762e-01,-9.661475583887041418e-01,7.968323881782004570e-01,8.857245250532153058e-01,9.909246049259511357e-01,-7.800207806626645590e-01,-7.452699374277425015e-01,2.290549950272458279e-01,-2.364970077534385984e-01,8.784117016819942281e-01,-6.489239974379573672e-01,-2.362105522356993115e-01,2.479267905732666366e-01,7.404599557385020958e-01,-9.759019165323572498e-01,1.933000185053226350e-01,-6.843761010207632944e-01,-5.184578274777202900e-01,-9.157421512996325452e-01,7.198073423168889207e-01,2.260849083864155118e-01,-3.838268380518669587e-01,-3.910875238416079425e-01,-9.888727358321367303e-03,-9.923180801323924216e-01,3.181600872086775555e-01,4.478035614046107366e-02,4.486610278894040960e-01,-2.470736415582785311e-02,9.188309369775659041e-01,3.951791193123696533e-01,-3.944416986583711981e-01,9.218265056617113151e-01,9.918575081784928305e-01,-1.319415114893476570e-01,-5.822692012694290487e-01,9.091462177544967771e-01,9.778485651220812924e-01,-9.272839066961425791e-01,-2.291732047508340531e-01,-9.804848287178531407e-01,-1.000000000000000000e+00
-4.296514812458466365e-03,-9.849068698345687656e-01,-9.352809921620049982e-01,-2.169502338118966256e-01,-8.590787905221042298e-01,-5.737286463770046030e-01,-5.459179666000045783e-01,-9.138772337299225779e-01,3.706677357529853389e-01,-5.091803183285621426e-01,-2.225070880964779563e-01,9.057749321756837224e-01,9.065688733543822986e-01,1.126061989623186044e-01,5.903304074940850521e-01,-2.400291324829889883e-01,9.804126695162566074e-01,7.614000263308733757e-05,-9.321483601550336617e-01,8.753392689778691782e-01,-9.831913816638619963e-01,-7.360191350648171982e-01,8.670350159266752010e-01,-9.788348325855601439e-01,5.460057040624921587e-01,-8.832428929772220272e-01,4.657430492019335455e-01,5.919548514523104155e-01,6.900054266221057331e-01,8.916800000908510215e-01,-9.387694004374681489e-01,8.943379840960252736e-01,-3.179517146182811449e-02,1.089746197674439955e-02,-8.181297975986598914e-01,-6.849086164584423653e-01,-7.964977688434705660e-01,8.594723417915025587e-01,4.542877502067932949e-01,8.549526762473299568e-01,9.966933659910471865e-01,6.974037450700883989e-01,1.429501531259022400e-02,5.848275189870235646e-01,-7.302285992784379731e-01,-9.432706899355829400e-01,4.102944779460375724e-01,3.797261259656260490e-01,1.000000000000000000e+00
9.934368492657912331e-01,9.103887583659897587e-01,-8.018406218496455518e-01,-9.988467774893309281e-01,-9.460607479202447490e-01,7.241690115607544165e-01,-9.371785614269045883e-01,7.218611288136137505e-01,-5.791073056862887647e-01,6.284896205826464577e-01,8.027561687511114430e-01,9.844308735619442530e-01,1.312638149852540514e-01,5.365805353630694885e-01,2.866145543748109814e-01,-9.566987654261798202e-01,9.404624931919559616e-01,-9.922483722795352179e-01,9.771585593493327115e-01,7.717642320057129801e-01,-9.985026817555391343e-01,-9.627861136031432565e-01,9.982063629675581584e-01,-9.833769485631904672e-01,1.587389917853760657e-01,-9.775733366332403085e-01,1.065932240637890160e-01,9.280520845372682848e-01,-5.901774361306941774e-01,-5.123566139800159736e-01,8.714416509344223849e-01,4.195254974636362100e-01,9.206235106546147851e-01,1.285357389118886584e-01,-8.554527498858137680e-01,-9.980450775474934977e-01,-8.224105276111733920e-01,-9.642230969504149707e-01,8.005869627867955307e-01,9.226276821190084743e-01,9.994561070201019026e-01,8.799529289667393783e-01,6.460992537775127609e-01,-1.427921814125318323e-01,9.670344900189770110e-01,-5.727104661336335223e-01,-3.920933189253230644e-01,-7.178856869834320253e-01,1.000000000000000000e+00
-3.989602980364324036e-01,9.545568037920604265e-01,8.097440571673649723e-01,-8.372921123025665879e-02,9.923365461314428426e-01,9.973953002327412554e-01,6.972191049982096045e-01,6.400859451919594933e-01,9.826566365589817220e-01,-9.478456177577596620e-01,6.691888927496421058e-01,-9.889347615625140309e-01,9.851504750015712686e-01,9.990718239078694163e-01,-3.917013435802474408e-01,5.461463560295615194e-01,1.370153463167133878e-01,-9.792061874091314566e-01,9.949188630665737332e-01,9.000018061416888981e-01,-9.747659065270105616e-01,9.985699038546733686e-01,4.596118901057756889e-01,7.978350817057161537e-01,1.966172493584199266e-01,9.702302606728933076e-01,-5.199604862068099020e-01,8.583574323107443504e-01,4.043403733208717488e-01,-5.942243248938174904e-01,-6.453785558756318652e-01,9.962435274654096728e-01,-2.187991860087375173e-01,8.310301258391598056e-01,-9.168073512512019407e-01,-9.874713708319254879e-01,7.261214576009683563e-01,-9.551226526835595587e-01,9.760597515688811399e-01,-2.647189095932833136e-01,-6.806670425799588031e-01,6.915155630806040232e-01,8.877215599763310649e-01,-9.929816930847963352e-01,7.639713542122970047e-01,8.488122964635420598e-01,-8.212093560512504498e-01,-5.715707261838814945e-01,1.000000000000000000e+00
-3.837415694931305965e-01,7.387706221177026134e-01,-4.738074523107416725e-01,-7.238744723885361942e-01,-9.703492383732361670e-01,7.263917187152846289e-01,-6.128118526245576181e-01,8.690009468942714310e-01,-9.607857848088696695e-02,-7.019648279515209310e-01,7.972018297058255376e-01,-8.865613611474282285e-02,-4.164778219114631530e-01,-4.327732543663139753e-01,-8.370406696803682767e-01,5.820324272013586153e-01,4.682934508324101963e-01,-8.376257182524513567e-01,9.671863632433765900e-01,-9.694535267169518411e-01,-3.650197209452201164e-01,-9.727802955289199804e-01,8.088693478481278065e-01,-7.448088302204834976e-01,-8.626601738728416624e-01,-2.067796998569865555e-02,2.846887743557517392e-01,9.596952345714073740e-01,5.446685382279131682e-01,-2.383359482225262116e-01,1.428162850682936913e-01,-9.513032131231530242e-01,2.311962506015572405e-01,-8.636974452609096353e-01,9.955658234390791783e-01,-9.811660688664604058e-01,-3.337733245096074358e-02,3.705482512850249432e-01,-7.063246944439294239e-01,6.986900577440420534e-02,8.460246689198325232e-01,-6.480777923416615183e-01,-9.967551459958918780e-01,5.737871574413895212e-03,8.592458781550919023e-01,3.329821998873360583e-02,-7.337958765777875536e-01,-3.869170673446556408e-01,-1.000000000000000000e+00
8.265680909477375327e-01,8.241294564311055781e-01,-6.302148894313001071e-01,-9.720548939005864142e-01,-1.313965576680055092e-01,8.181986241385816871e-01,-9.726796626502381971e-01,9.217362172367672413e-01,-8.102096647251207928e-01,5.200265326281000577e-01,7.780642689945942436e-01,9.655737072549270827e-01,-8.130622360248809799e-02,4.610333428554522772e-01,2.320713646496973814e-01,-4.735283625259003037e-01,8.165365976076132126e-01,-9.287957109242032105e-01,6.638892697924972941e-01,5.522610516781635281e-01,-4.373834027393281865e-01,-7.926857081270498595e-01,7.510090319984723539e-01,-5.541611779930234460e-01,-4.213261704431108812e-01,-8.398435132178960760e-01,5.643642056251232386e-01,4.302410113871046327e-01,-4.864684981888405257e-01,-5.168409920561073401e-01,2.154222771396052671e-01,-6.933571653979752059e-01,2.113204344763935372e-01,2.691835398693838699e-01,-5.139115065682038352e-01,-8.594022314725974221e-01,7.673499931266687391e-01,-5.735967134955198832e-01,5.341919834589181626e-01,8.721924427615376230e-01,9.706924439299015051e-01,4.551492489066725211e-01,1.239026445576439511e-01,1.847896055088511791e-01,9.623732106161384525e-01,-8.189174806946887264e-01,-5.004935089569620965e-01,-9.583222415466189359e-01,1.000000000000000000e+00
2.728917994161757510e-01,2.078714911986443981e-01,-2.777741547600706684e-01,-9.319089158300808418e-01,7.167755576980020527e-01,9.181300052907598319e-01,-6.421593234631087777e-01,-2.520337601780593406e-01,6.721206053102328493e-02,-6.528698808708868206e-01,9.544867681320724773e-02,7.350521898090035533e-01,9.286264496448125572e-01,9.755847744502604835e-01,5.723974943890319800e-01,1.089455985206645855e-01,8.332067282412209952e-01,-9.337238624426682509e-01,3.996810509677398149e-01,8.140432404353941109e-01,-9.427554076537730809e-01,7.383909893975475480e-01,7.563690529323712219e-01,-4.778667182741693775e-01,1.315821197355354077e-01,-3.851228390991431882e-01,6.737696132098178747e-01,6.429066615295488951e-01,-8.811297104340720665e-02,3.149476804775711708e-02,-7.739788084690301107e-01,9.666573557940553174e-01,-5.779093123564035261e-01,7.079937774210163237e-01,-9.582518149970931098e-01,-9.752498682083337034e-01,2.798103093174074685e-01,-2.378350057521782246e-01,9.024713822684353737e-01,7.651284718932989115e-01,6.095975308891459221e-01,6.151094768921999689e-01,7.923011031235152046e-01,-5.451464818889419917e-01,5.001433214943575845e-01,-8.164664360079830763e-01,-5.662313274141335118e-01,-8.900978694310309747e-01,1.000000000000000000e+00
9.217415301031010033e-01,-4.778580820570646481e-01,-8.441794670123982103e-01,-3.227249487682755658e-01,4.675994786445324958e-01,-6.470321326944281637e-01,-9.874475083366986983e-01,8.874437432225784628e-01,-5.400754159404165256e-01,3.050823150935135786e-01,-4.550927060047869066e-01,9.771653449620733012e-01,6.546169434900852568e-01,7.581283279987158785e-01,-4.949131681356470913e-02,-8.119448837698375887e-02,4.957856111890111550e-01,-6.390395721492203585e-01,-7.424696326452639994e-01,-4.552473723154394636e-02,8.436832661794406718e-01,-7.926615196529617213e-01,-1.799838794365624384e-01,7.365480854698573943e-01,-9.536738979000570771e-01,-8.333253577544977864e-01,7.174135728233348441e-01,-9.384198924932602992e-01,-4.282694334006645343e-01,6.382884123392469633e-02,-4.046290271506170488e-01,-3.810012882004366053e-01,-9.554723663281894375e-01,-7.232991718977317408e-01,-4.501217530222332841e-01,3.416998559405074465e-01,9.526607583139523605e-01,-6.381925687295104954e-02,7.630552189086977632e-01,7.115957226545033265e-01,2.305909908805610642e-01,7.420616862659250579e-01,-8.782205916096049725e-01,-8.757973112352758216e-01,2.325991291567488239e-01,-9.772047372690502165e-01,-6.243885986169228630e-01,-7.955677573303749917e-01,-1.000000000000000000e+00
2.733379181019570114e-01,1.633967956649499120e-01,7.047084420354528256e-02,-9.928822002278978598e-01,2.743337029078068423e-01,9.616136007164621802e-01,3.979457464909468278e-01,-9.525190945027620648e-01,6.121673636818426578e-01,-9.666685204604832382e-01,-6.076843866942187589e-01,4.257450508955845092e-01,9.908436748643727476e-01,9.980757267122403187e-01,6.078801963744152603e-01,2.954539269673011614e-01,8.081474584768018055e-01,-9.902688077786667709e-01,8.947786796798433695e-01,3.268826022690738964e-01,-9.991087009414907349e-01,8.843451656157104157e-01,9.838637990670086042e-01,-8.440921349484992176e-01,2.045117166450424739e-01,-2.750591010821560878e-01,8.143552902834770846e-01,9.640408779654445759e-01,3.592811387354297864e-02,2.479972415882388814e-01,-8.186935260105965284e-01,9.996531163644438722e-01,-7.882521941886326822e-01,6.610332775832299390e-01,-9.767267903484140312e-01,-9.998834259027639115e-01,-8.900861590605578799e-01,-3.345512085789864032e-01,9.641607593355246975e-01,5.843795431376048732e-01,-2.564809752995211301e-01,6.312218338116704075e-01,7.582329655617522368e-01,-8.735196179111307524e-01,-2.994218838738232358e-01,-7.442390703714042433e-01,-8.067071144591397847e-01,-7.179083759160483913e-01,1.000000000000000000e+00
-8.216874291617781711e-01,5.801725559723339698e-01,-3.672379541180312845e-01,-7.336711088735591302e-01,-2.437034335905144122e-01,8.965271821245061057e-01,-9.218950316009614232e-01,8.854714772804159750e-01,-8.531843222541886096e-01,-3.693271523636256770e-01,7.792815020996723963e-01,7.527887249838022266e-01,-4.136267531322327939e-01,-1.692255969954751804e-01,-2.178837258548979305e-01,8.168247015460718963e-01,6.088299041543407952e-01,-5.892470833605037983e-01,2.370237657543042831e-01,-7.564097529611969462e-01,8.747629065314409536e-01,-7.837032054985616503e-01,-4.554188674420587279e-01,-1.482243619031455295e-01,-7.261069132924811154e-01,-1.039687056843362073e-01,8.122692262295386767e-01,7.145967996209646733e-01,1.761353046078718287e-01,-2.770182723818909731e-01,-6.927954345545320747e-01,-9.695942036139733045e-01,-5.382233942763162693e-01,-1.045727228355062127e-01,9.188714504044526166e-01,-6.502050108458518052e-01,9.224971204941910807e-01,8.462001519205074596e-01,-5.759501865746528004e-01,6.267988810358114948e-01,4.843043071967868540e-01,-7.592294527481882049e-01,-9.342757839994242364e-01,7.642914893516905561e-01,9.189519431896661095e-01,-8.017997742581610687e-01,-6.360031715916815154e-01,-9.735531397690774247e-01,-1.000000000000000000e+00
6.397652115494510960e-01,6.332949011858467481e-01,-7.547079314664288940e-01,-5.969417248413815269e-01,-8.764132339727120913e-01,5.933335250747463763e-02,-9.642553724791130820e-01,9.764177928222318448e-01,-6.035722034006427705e-01,1.929631426759966240e-01,7.106280316826467658e-01,8.269509172364458705e-01,-5.707433565915789320e-01,-5.224028451393665229e-01,-7.383526040832465442e-01,9.893742014077540337e-02,4.514066013096361130e-01,-7.391607195006221209e-01,7.512205125842307263e-01,-8.777155065671574663e-01,7.012176080727536842e-01,-9.852731538026778813e-01,4.575653426581310357e-01,-1.439400201182919614e-01,-9.417626429888726891e-01,-6.353920693774348649e-01,3.582732925311553074e-01,2.516569549209445311e-01,2.850805296872060274e-02,-3.561045074197862204e-01,3.936965950585453178e-01,-9.862318471694253574e-01,-2.219951564868047067e-01,-8.819002790875324349e-01,9.742144950526020475e-01,-6.006473067267883437e-01,8.104255243644867823e-01,-1.292349328503279889e-02,-4.350470096637191197e-01,4.707835534058028570e-01,8.936518109985083225e-01,-1.279112380893563106e-01,-9.928960737092229483e-01,-2.705220269448800341e-01,8.984222857046834099e-01,-6.717332468063728079e-01,-6.553804925131807568e-01,-6.829944593828020105e-01,-1.000000000000000000e+00
8.094834209406928105e-01,8.642730818099538803e-01,-4.561622511039394312e-01,-8.287454971519361280e-01,-7.479863097308251385e-01,6.589369790452050957e-01,-7.959847632068560719e-01,9.313580859355635733e-01,2.740179225205088276e-01,-3.903546471477066238e-01,6.405833203165948175e-01,2.597681935531014896e-01,2.316023613700089190e-01,6.245193633446142201e-01,-7.410292163972512780e-01,-1.534409127464186895e-01,3.720749448660558567e-01,-9.512192368086545002e-01,9.782769618582159987e-01,-7.343508625091427211e-01,-7.220267060666532011e-01,-8.633461205997073895e-01,8.948649102136799760e-01,-2.651035507423471493e-01,-8.730552870153758249e-01,-2.949160862707951303e-01,8.045964826732525388e-03,7.386996995622612250e-01,3.928523962230862782e-02,-4.814096353070683176e-01,5.565842915098063726e-01,-5.216316119736306156e-01,2.931437691546640023e-02,-7.667162104975823178e-01,8.497587202053016320e-01,-9.764852932114903572e-01,2.867965467180948469e-01,-7.748440811226250391e-01,3.759652319030502565e-01,2.432835493167488372e-01,8.091122880090395597e-01,3.482835328340833092e-01,-9.573920751384458194e-01,-8.698990170136943201e-01,8.675365732431336019e-01,-7.480064978825748390e-02,-7.729497607032094209e-01,-3.758882900030525720e-01,1.000000000000000000e+00
-9.157534601309210709e-01,-3.670641841825925122e-01,-1.969379982804690121e-01,-9.092603510372818665e-01,7.206994881945407716e-01,9.510497100723159791e-01,-7.472502574482235982e-01,-5.698386984190285665e-01,-7.813168364891551754e-01,-8.168557328207151080e-01,1.402667043477917597e-02,8.714883594669045053e-01,8.156559248324568578e-01,9.027490445528623120e-01,7.241203350884030110e-01,8.800895323309642082e-01,8.313092888340983810e-01,-7.005813883266798214e-01,-7.078182932563777952e-01,1.591391360037368863e-01,2.759548524988265916e-02,6.143038077396668628e-01,-3.093384782909387454e-01,-4.000542353859307676e-01,-2.094590030063113104e-02,-1.865408809287609770e-01,9.503779037749888747e-01,7.243989110337498705e-01,1.213810116236083425e-01,2.854491447566626650e-01,-9.715324698482192822e-01,6.910451277731380904e-01,-9.075566325773539722e-01,7.763120722474253776e-01,-7.163396806026474106e-01,-9.249163492126757369e-01,7.520754743429333145e-01,9.405228564932177626e-01,4.277275755527817913e-01,8.006980510810703944e-01,-3.143294678897344263e-01,-5.145166005633472484e-01,2.616679571268801241e-01,7.334272523851979031e-01,4.025594674232879644e-01,-9.600092033202543007e-01,-5.891744529349327575e-01,-9.866510952154190495e-01,-1.000000000000000000e+00
8.135375530002475486e-01,-8.406616570603454575e-01,-8.787779277460723293e-01,-9.787180874586939305e-01,-9.280373194085900224e-01,-6.899053699246241456e-01,-9.275638697141177502e-01,-7.017885258188146791e-01,-7.679154196407097510e-01,-7.181686074996010971e-01,-8.823864467487617658e-01,9.936007407554157123e-01,8.273663609365398131e-01,8.015026470247960111e-01,2.424491084057124046e-01,3.012626198137983158e-01,7.292910041857755266e-01,-8.863925090140694074e-01,-5.948223991201804228e-01,-9.400056642162948339e-01,-6.589835401849541974e-01,-9.738890818503127544e-01,9.179772134473165313e-01,-7.371951503289262408e-01,-9.446446537975159430e-01,-9.571680970947618050e-01,9.579750313406242279e-01,1.357360168396950229e-01,-2.431381499308900851e-01,5.770667465798058338e-01,-6.513264105237243085e-01,7.517147483657109497e-01,-9.784257639540032692e-01,-8.612331490059661476e-01,8.857469860183571353e-02,-9.920753069286680770e-01,-5.054484830589232036e-01,7.978182131311416514e-01,5.296169547021341018e-01,7.244838846038493818e-01,-7.696638491186603981e-02,2.996430950594459186e-01,-9.799667017055774254e-01,-5.248655839147868818e-01,-6.458098597817166775e-01,-9.925749455246213326e-01,-7.790208684341026757e-01,-6.840964241774990517e-01,-1.000000000000000000e+00
-9.458829709395558671e-01,-9.267518864374542087e-01,-6.898436461929823293e-01,5.384479645825276384e-01,-7.809581936394439650e-01,-2.120403167098390274e-01,-5.688173821652907636e-01,-3.566072829560488766e-01,-1.440030895657681276e-01,-9.329624109427739898e-01,-4.815695219090017631e-01,3.535779160693443002e-01,6.371017645754369907e-01,5.072005894316473917e-02,-5.061797955862953335e-01,9.572692102879950538e-01,5.193407268013752187e-01,2.259025413034398688e-01,-7.870165455381864517e-01,-9.751337812414391237e-01,8.254589405325595264e-01,-8.516400286782905837e-01,-5.351373953606931577e-01,-1.499937617859280481e-01,-9.238950104393165441e-01,1.298642944886492789e-01,8.776007480489288470e-01,4.588455360671743199e-01,7.606306803543947392e-01,7.276229879388593780e-01,-9.625028380993391197e-01,-6.111938433997414766e-01,-9.696504489354901279e-01,-8.692968394590496750e-01,9.821137517162666919e-01,-6.603773222658652076e-01,5.344196441546857912e-01,9.894207043646461308e-01,-6.429780811575861454e-01,5.774421449200631273e-02,-6.322087200823492958e-01,-7.667257929979346409e-01,-9.983859026322949859e-01,1.492675939857670275e-01,-6.845828814195511480e-01,-9.328169485490057644e-01,-6.542971926072143063e-01,-4.181041309602646638e-01,-1.000000000000000000e+00
-6.820546363247229626e-01,4.646139707261696672e-01,-1.635427657603881479e-01,-6.428940696118233822e-01,9.667174523921787666e-01,9.669347079341470419e-01,-9.379844903964499325e-01,8.044858555160679936e-01,-7.425655215746519433e-01,-1.227786668109688215e-02,7.311098682467046528e-01,8.239826912808985160e-01,5.368942824744368236e-01,8.380868840952342413e-01,6.408425190866346988e-01,6.116954653135312503e-01,7.981343751722510538e-01,-6.205597905096645883e-01,-5.652146428101473274e-01,9.068009407563543123e-01,7.301526530120261427e-01,8.081304050266406858e-01,-7.720103901049795159e-01,4.269324820620186700e-01,1.165643660115274760e-01,-9.194389987333434489e-03,7.689784330977531557e-01,-5.393804129232585703e-02,-1.716602437148813110e-01,-2.852546260734225014e-01,-8.971973139791513674e-01,-2.715664623731945393e-01,-6.125147605891342328e-01,8.860572225750685815e-01,-8.861520705260296227e-01,1.620763858813782377e-01,9.827451824676729508e-01,5.033201529011300801e-01,6.269764445853754919e-01,8.534954023724146133e-01,5.337003801648291246e-01,-1.064217460434648509e-02,8.337060437605415819e-01,5.468441235572061299e-01,9.140865649381012537e-01,-8.875205636374822182e-01,-3.840794250176032265e-01,-9.919844346698718507e-01,1.000000000000000000e+00
1.433897849711793064e-02,-5.204495858045927736e-01,-7.110674696541088302e-01,7.916665268089613239e-01,-5.322741837023912959e-02,-2.899610281974620007e-01,-8.509104695541204189e-01,8.669158724323048348e-01,4.654614567177892126e-01,-4.704080683697028364e-01,1.480332494344918093e-01,1.493562567885209913e-01,5.646407852459257581e-01,3.277275467514323415e-01,-6.744785485204509712e-01,5.548499595332710976e-01,4.104943737181689367e-01,-1.695534214103364135e-01,-1.810531404278686307e-01,-5.248288165003309746e-01,7.623132257158913294e-01,-6.748237763826709923e-01,-4.205294662625258528e-01,5.686672369631392554e-01,-9.139432366460391588e-01,7.739070865151466416e-02,1.873016390602690040e-01,-5.092331872324589170e-01,4.973029163926804830e-01,2.678679983635648965e-01,-6.546433390937401731e-01,-7.176763853230061496e-01,-8.089753014244350782e-01,-8.261219775546242428e-01,8.539567743463447602e-01,3.416255569558849237e-01,8.906842279196724999e-01,4.348624093484168007e-01,1.406217078155089784e-01,1.528690187851297622e-01,3.984214434941129590e-01,2.351171485584508114e-01,-9.828457400787489195e-01,-8.120865657021967277e-01,1.062277345475647616e-01,-7.230109253667784674e-01,-5.364114123066001660e-01,-9.374463388367702821e-02,-1.000000000000000000e+00
-9.972839663806275512e-01,9.273766647258073759e-01,9.526104724565274129e-01,6.536399782076213194e-01,9.921463799034919706e-01,9.990160349854269040e-01,8.698612824424127865e-01,5.339640260933170568e-01,9.406762572934059818e-01,-9.978627010800527053e-01,2.537002312888670397e-01,-9.986009022361664877e-01,9.672110566840895762e-01,9.985240136977976411e-01,-8.146242885854054760e-01,9.967571877131875535e-01,-7.790501391230147954e-01,-9.117252328121825400e-01,9.887886370995768726e-01,-9.513097597794631932e-01,7.053146449633653781e-01,9.983253163926996132e-01,-9.036747755055146714e-01,9.833513580691165545e-01,-8.679154351492039954e-01,9.984218786727814265e-01,6.037502726010636200e-01,9.302832194117903741e-01,7.534877385343153877e-01,-5.196772220724610314e-01,-9.653421498079373109e-01,9.259896374292486687e-01,-9.826425763315955741e-01,2.880094921900438476e-01,9.254678508790589175e-01,-9.903232378841578809e-01,9.621494950953799474e-01,5.633547597579002808e-01,5.964102119578835737e-01,-8.566537699650060844e-01,-9.997832633676482228e-01,-8.805675217105665142e-01,-9.448278196453629985e-01,-9.811896041581130712e-01,3.960485918876725520e-01,7.256300164337129432e-01,-9.680719162616802098e-01,-9.052407218305212888e-01,1.000000000000000000e+00
9.593292820456833514e-01,8.782402753495662795e-01,-7.795831778761473929e-01,-9.733273405081632745e-01,-1.571366196757925104e-01,7.015496473171920488e-01,-9.914441673973478641e-01,9.784709527223480752e-01,-8.718379902968689255e-01,8.806120753132725687e-01,8.911206020558027907e-01,9.877028658155435625e-01,-4.453236539708279040e-01,3.583724345879947537e-02,2.975420545070695533e-01,-8.267920441695560951e-01,8.796055477379709497e-01,-9.218578438005361475e-01,6.091211308859311169e-01,8.723892689683727664e-01,-3.929626009939540254e-01,-9.038732029861805684e-01,7.921603570405162387e-01,-6.185589350883011761e-01,-2.851087676490006717e-01,-9.346871233483525776e-01,3.009282523499225981e-01,3.634827247507387005e-02,-6.404024486031585361e-01,-6.263445668108541531e-01,6.047185293157051333e-01,-8.997263886434739844e-01,6.725178046588805580e-01,3.384493705926660545e-01,-7.373025950845689680e-01,-5.140179121975254617e-01,8.578032594213158557e-01,-8.359329675326860887e-01,5.861971929185572083e-01,9.312877417194779239e-01,9.968512895852029709e-01,7.215560472130816416e-01,5.409270915774530009e-01,3.182068899322588740e-01,9.859944550299339916e-01,-8.223771144240054065e-01,-2.661029110580730994e-01,-9.601558240345722250e-01,1.000000000000000000e+00
-1.467591953867757315e-01,3.168128189927377214e-01,-7.467834091321168266e-01,-5.568007841034566807e-01,-9.030798960427064426e-01,7.474942101040302767e-01,-7.158482435212341066e-01,7.644030922163407293e-01,1.481923344092276294e-02,9.827450316436002475e-02,9.407664059897650199e-01,4.036783752896081490e-01,-2.739126230902188541e-01,-7.006044808922623490e-01,-2.811512411545223356e-01,-3.256378150080872502e-01,9.357720691169570948e-01,-5.858337872919875400e-01,7.326872694120520890e-01,6.296279900143693098e-01,-9.081523444053902772e-01,-8.978750558414688721e-01,8.385868192038009594e-01,-9.573606568502690539e-01,4.075731542973707877e-01,-5.273326841617316241e-01,-2.793863079732294419e-01,9.396447306427453405e-01,5.846805645302576293e-01,7.303902912060640518e-02,-1.985177135911413426e-01,-8.698136833917018418e-01,9.285539153961123171e-01,2.664178232049596931e-02,6.947786044118029469e-01,-7.546196940956828580e-01,-1.348230705076704228e-01,7.484135585110589239e-02,-3.911992679207599855e-01,7.446031502442659322e-01,9.991155507300011340e-01,9.258790603190562851e-02,-4.977368457999261087e-01,7.773804969936556342e-01,9.159067474978601631e-01,-3.117400351683395632e-02,1.152810770877115143e-01,-3.534127353342799704e-01,1.000000000000000000e+00
9.821909589816364416e-01,7.476522738851011374e-01,-6.768572722833863242e-01,-8.287210708198287090e-01,-3.774911914649233813e-01,1.275665720001661341e-01,-9.180794041791446869e-01,9.342732467544333508e-01,3.957438228481355291e-01,1.006462012382711158e-01,3.059884164777489923e-01,7.527469366738562817e-01,6.230229112431623362e-01,8.548525404406159822e-01,-5.567181540247468918e-01,-6.982728697119582328e-01,4.798931126324096907e-01,-9.611233429172525433e-01,9.365166226559108464e-01,2.179669666051251009e-02,-8.289463043795320951e-01,-7.928569254195986238e-01,9.254813110394943809e-01,3.520202167424529155e-02,-8.795866002916116200e-01,-7.051425649068759904e-01,-1.121718692033092102e-01,-9.932326696864722526e-02,-3.260805742037976573e-01,-4.274903119159288445e-01,6.701114093912577951e-01,2.355914851071099214e-01,-2.211751147702155362e-01,-7.333624527800975956e-01,-1.644314057002432550e-01,-9.329704474923724566e-01,4.300817754009261251e-01,-9.407563923388205795e-01,8.458137694330691847e-01,4.954222907621241290e-01,8.861537345102106222e-01,8.628722002219268994e-01,-7.865162182305688310e-01,-9.687855099994976404e-01,7.716853380653039274e-01,-5.059004834401936712e-01,-7.118278646035498536e-01,-2.128277771843048172e-01,1.000000000000000000e+00
6.505465402366602534e-01,6.442668016660730856e-01,-5.088614788101708530e-01,-9.626267831597631330e-01,-5.405827568432695074e-01,4.828633974704679699e-01,-9.549603746371253532e-01,8.249885271310093415e-01,-8.016928664848153030e-01,-5.100039047625227751e-01,-1.766289335986361286e-01,9.437285548050144968e-01,2.607684141083417284e-01,7.805966623328853826e-01,-3.758641162203829045e-01,5.363265750885820582e-01,1.678199458041143566e-01,-9.412792145857009629e-01,6.963572521406651283e-01,-9.586020583422202312e-01,5.668010848666585888e-01,-9.174393947484164036e-01,5.838186587111903192e-01,2.751757686141815262e-01,-9.702891975415545156e-01,-6.804356368055034521e-01,8.912622616183979440e-01,2.195417014579131576e-01,-4.189463850891256280e-01,-3.772045320590511897e-01,-4.915144575466552646e-02,-6.025171341391247770e-01,-9.380245816277423820e-01,-7.840833886335414338e-01,7.971742546509398286e-01,-9.765220139362640328e-01,7.526134605998137106e-01,2.086492179053910101e-01,2.965445771621102455e-01,4.962121500082241621e-01,-5.792132508456656614e-01,-1.850339756381288725e-01,-9.839712400822582250e-01,-6.854985742527271997e-01,7.094953933860720374e-01,-9.284322671516644920e-01,-8.885328903784900367e-01,-9.347595909614301313e-01,-1.000000000000000000e+00
9.953381061264334750e-01,-6.492783479297755678e-01,-9.471786831174821009e-01,-1.904860597361348884e-01,-4.813045905908418520e-01,-8.970680926980592051e-01,-9.688439703032909467e-01,8.184735665800867421e-01,5.181068826723350673e-01,6.674332168889627326e-01,-1.303165998170592865e-01,9.600845923523073644e-01,7.910675827617267286e-01,5.801895422974270300e-01,-1.509498081335689246e-01,-9.167163741690723677e-01,8.556868102441970159e-01,-7.440492545803250035e-01,-2.568545532436034007e-01,8.818903003636454629e-01,-8.671960744666156184e-01,-9.063628505291295712e-01,9.024561982316398057e-01,-3.629331229809698023e-01,-7.508338772877043432e-01,-9.456373202084681351e-01,-3.221100762625758174e-01,-8.654861070762643882e-01,-2.014028999307274359e-01,3.118525550441967886e-01,3.456837966358477510e-01,4.730816556455268440e-01,-1.726543544735775204e-01,-7.639140986716780324e-01,-8.668823411751821473e-01,6.158908309749960147e-02,3.294462883524430508e-01,-8.889339542287929552e-01,9.038764655557653960e-01,7.854009194542390659e-01,9.941844775503166920e-01,9.744650709221962526e-01,-4.264647771674169863e-01,-9.495163306791950530e-01,1.021115184440384294e-01,-8.897290763984890827e-01,-9.883302669288057674e-02,5.219118377826126309e-01,1.000000000000000000e+00
2.280527891307209121e-01,7.326546862339893273e-01,-5.438075277078909808e-01,-8.677094721104980923e-01,-6.353780023352848527e-01,6.678533341408724455e-01,-9.509181909728998683e-01,9.387435648652854292e-01,-7.698692122930517190e-01,-1.618161672753090641e-01,6.247771698517579075e-01,8.569165596626204806e-01,-3.373983540403484582e-01,8.301438613665994282e-02,-4.884124166536802925e-01,4.597096946449407695e-01,4.423181798983163437e-01,-8.444816643701024139e-01,7.220548689154379085e-01,-8.660235589306127801e-01,6.704486413274889367e-01,-9.346336815259282949e-01,3.300235203951471519e-01,-6.757335795342245266e-02,-9.066883936880658634e-01,-5.172818873525232286e-01,7.090113357632626956e-01,5.080344348077098227e-01,-1.194757727035708622e-01,-4.199076075267297314e-01,-1.292776929407650661e-02,-9.476057992681433673e-01,-5.644420166924941640e-01,-6.520411305402644686e-01,9.169493384744004105e-01,-8.649288819501375070e-01,8.375454497675595134e-01,2.765562996502847759e-01,-2.422176661139045228e-01,5.552679636597149804e-01,5.595575910918109130e-01,-3.731823647933192323e-01,-9.738001083427004767e-01,-2.834028169599237673e-02,9.052498403863558085e-01,-7.833976112925113977e-01,-7.503684229303176911e-01,-9.202411136653158019e-01,-1.000000000000000000e+00
-7.646563793860540192e-01,-9.000628540214491435e-01,-6.928507327399699989e-01,8.276864480910000044e-01,6.632163381744740072e-01,-8.404617823357128648e-02,-8.504328475999962667e-01,3.545890520007985991e-01,5.194954711679521109e-02,-6.472267790048417124e-01,-2.527061692193418585e-01,5.428268629260631917e-01,7.992993106971784112e-01,5.733585509712202377e-01,-5.992440684533430900e-02,8.403058785704682343e-01,6.432038431811449852e-01,3.458349573552387812e-01,-9.336532076939172420e-01,-3.945168300359552793e-02,9.046200373329856825e-01,2.786347017305546361e-02,-8.567400958563677893e-01,6.025356778355451803e-01,-7.878848815954813123e-01,1.046686648658691626e-01,7.133459956579798478e-01,-6.748269988956783205e-01,5.382637763237525519e-01,5.975991275641323597e-01,-9.617222144044933474e-01,-2.669657847771082504e-01,-9.529217558129435828e-01,-3.886689441047199711e-01,2.972405319001238388e-01,7.035995631987551624e-01,9.455103106110209765e-01,9.239891729786772201e-01,2.238524859629216213e-01,4.562524196447536595e-01,-1.789917958242741025e-01,-3.204379011582391551e-02,-9.074101187232025412e-01,-3.186717078131633407e-01,-3.943798589094379414e-01,-9.426685165036909897e-01,-3.865525091629468113e-01,-6.782095603955963226e-01,-1.000000000000000000e+00
-9.163150144833046573e-01,-2.454605763528813767e-01,-4.074214500596636257e-01,9.566298187206129233e-01,2.559068785331061399e-02,4.896075322982431643e-01,-5.768040637080408262e-01,9.245721015689142286e-01,6.274084846150093098e-01,-7.448641774676196814e-01,6.944896172004108026e-01,-8.166131043849064186e-01,2.024164581060346468e-01,-1.979943985545294383e-01,-8.400357024606380785e-01,8.938734485244553829e-01,2.598037374521166565e-01,2.878197075006584393e-01,2.125018754277103739e-01,-7.613665819980979244e-01,9.308516043906666093e-01,-4.119097538021861959e-01,-8.396413472830420721e-01,6.372086302634158983e-01,-8.676174940694408866e-01,8.102377805588425463e-01,-2.598620800188668895e-02,2.091112531835775390e-01,8.013427414071139232e-01,1.903880610572661891e-01,-8.265665958445718164e-01,-9.528894769021422073e-01,-6.167527293932523191e-01,-7.708015439034436866e-01,9.887063556924815533e-01,5.825560276848984476e-01,9.452698944129116487e-01,8.059903636439494923e-01,-5.802032733164705913e-01,-2.412658046544178536e-01,1.813020475197640036e-01,-5.698708827711042035e-01,-9.940650713789100923e-01,-4.578720893853373552e-01,4.524396236056650866e-01,-1.208921057092075674e-01,-5.212974202908143839e-01,-1.838708159726335778e-01,-1.000000000000000000e+00
-9.976103835160315958e-01,-2.939581757107928017e-01,5.409825230242817362e-01,5.922417924915626131e-01,9.760475559408359203e-01,9.922986361256427301e-01,3.459721145847977075e-01,-4.120754687601364541e-01,4.788728104377698025e-01,-9.710322049172808168e-01,4.411471957551332257e-01,-8.754895799806445833e-01,9.296355377382661267e-01,9.592089929972166251e-01,2.694637012656786457e-01,9.835356797067897894e-01,6.072813789344260194e-01,-2.081040057691777856e-01,-3.612507888858461635e-01,3.708811456207173340e-01,5.032072934815975396e-01,9.895953881584912404e-01,-9.228181362041981695e-01,5.344799433753296691e-01,2.642690872963032178e-01,9.518174323441680462e-01,7.783003662115197674e-01,8.326575222071537219e-01,7.676316364790782831e-01,3.267682243616473747e-01,-9.941681165338173143e-01,8.040500635034145693e-01,-8.938260305178071796e-01,8.634879862965122443e-01,-1.428922110030651227e-01,-6.439310391405578260e-01,9.310522647196167734e-01,9.597645157324657950e-01,3.146748236290798362e-01,1.880715084028226347e-01,-8.818048545122285642e-01,-7.618654931150848908e-01,1.276528199188262103e-01,2.827720679736827614e-01,1.951659608746235119e-01,-5.176815962403089610e-01,-5.926375979755857948e-01,-9.531589705426188885e-01,1.000000000000000000e+00
9.705661410003196821e-01,4.439807923533585221e-01,-8.654659670852115072e-01,-7.250012462054769014e-01,-8.564695078472754908e-01,8.873871406098116088e-02,-8.694568144570451462e-01,8.759064691399575109e-01,5.318124395474346233e-01,5.963064348709165019e-01,8.494881834877101578e-01,7.505630384427787183e-01,2.944520165134682510e-01,-3.220246130224252434e-02,-3.070372573808675676e-01,-9.184808814381897335e-01,9.245703077442137818e-01,-8.781003538304760214e-01,8.768423123633279914e-01,9.084901230891491153e-01,-9.871791594350620702e-01,-9.089220325215091600e-01,9.752559010789629834e-01,-9.204106849675937063e-01,8.508452869519758655e-02,-8.605875774962044034e-01,-6.668205566669583861e-01,6.139541687030238837e-01,1.337868784390381094e-01,-8.517822643652063486e-02,6.336418521860363029e-01,-1.824698218102354663e-01,9.276118467116277744e-01,-3.244766518949971368e-01,-4.706302164759905704e-01,-8.028894578819765204e-01,-3.756161243957218399e-01,-9.252190624437681699e-01,6.545560100379875790e-01,7.873588366387250792e-01,9.996392629943652297e-01,9.058257879643412114e-01,5.683846391316269009e-02,-5.528278120585731203e-01,8.752062857556587305e-01,-1.049978743514415336e-01,5.588849924036462524e-02,3.454052963712608282e-01,1.000000000000000000e+00
-6.845731566289570136e-01,8.978096227256743278e-01,3.042924363726342563e-01,-1.242248312477312044e-01,5.916292335753078890e-02,9.597369599981420141e-01,-1.183632279605953963e-01,9.056015955419253194e-01,6.977370577617676428e-01,-8.869715404435187800e-01,7.598882372426369880e-01,-8.960081040144184383e-01,4.836023337486184404e-01,8.256764852339409932e-01,-8.319393221493367463e-01,8.008113685317063135e-01,-1.698905136405416683e-02,-8.958214933873822616e-01,9.855981506998801045e-01,-8.503829201124425419e-01,-1.639126788060638606e-01,1.865015879856533332e-01,2.677141057225275178e-01,4.166353245111035219e-01,-8.191309314937329500e-01,8.468111139320820824e-01,1.416717149475347701e-02,9.037597904135102889e-01,5.469012702696443018e-01,-4.830214397359012257e-01,-2.958801644403885045e-01,-4.179310830744122907e-01,-3.223488233161574401e-01,-5.183765220408987906e-01,9.606522984412720900e-01,-9.679032473031059514e-01,7.129816127956748462e-01,-2.568734950170044606e-01,7.850484945264661618e-02,-3.318470052085547572e-01,-3.412067020124195937e-01,-4.510032583657075933e-01,-9.693667363689075778e-01,-8.520824410008863703e-01,8.410835261927632756e-01,5.400448834052856695e-01,-8.401673271577085877e-01,-5.620839337496668087e-01,1.000000000000000000e+00
8.612252894615548549e-01,-8.563753095835303641e-01,-8.369050733686667076e-01,-2.941174294062444128e-01,4.778413985596495217e-01,-5.382636104388016651e-01,-9.072052287890068900e-01,-7.148888967243574588e-02,2.681622193212733207e-01,-3.008685050298503527e-01,-6.656021160639609136e-01,9.345504399842211596e-01,9.467053204396630450e-01,9.291676364941952038e-01,3.490535811784456488e-01,-2.080055709359970861e-01,7.961115034921247835e-01,-6.609624940878592314e-01,-7.998800385099006371e-01,7.045567411269226810e-01,-5.857053062494016471e-01,-1.431164600270706244e-01,4.864574895744620542e-01,8.409394946922267577e-02,-7.094225690158563191e-01,-7.913170070134245560e-01,6.116813311061071179e-01,-7.803568570087935363e-01,-5.709344016753454404e-02,5.367377902377308274e-01,-7.797908661083364779e-01,9.196422442494325278e-01,-9.181779383974364439e-01,-3.403532525847107193e-01,-9.290241498073908977e-01,-4.259051422987739643e-01,5.757352021150849986e-01,3.011691339805306223e-03,9.096288719894072283e-01,7.316959229118901176e-01,6.240725907919074666e-01,8.750759653064583699e-01,-2.374669394358529251e-01,-8.895240186474659971e-01,-5.257070730154166371e-01,-9.665544001684676090e-01,-4.099588253653898562e-01,-3.612312292473154884e-01,-1.000000000000000000e+00
1.005298822926038588e-01,-8.738538685656244143e-01,-8.279959064150360648e-01,9.476580255172930567e-01,-8.410281052223544940e-01,-6.371117858974801873e-01,4.236190763789292324e-02,2.715350968987016445e-01,9.699249897524749864e-01,-7.569500482561719590e-01,2.425303720202211799e-01,-7.867783497170742768e-01,8.510564212288376229e-01,1.049839272416963065e-01,-8.056448334678129042e-01,5.613356090942105137e-02,7.677652967326418221e-01,-1.113066186094556834e-02,3.704161056522282114e-01,5.415506390481580196e-02,-8.966602705143865704e-01,-6.896790727127724008e-01,6.903053366930386181e-01,-6.051975769644223346e-01,-5.922641126239422960e-01,2.233423992022702531e-01,-6.830009351714961818e-01,4.173397176891035509e-01,8.751020666869522291e-01,7.112094638005465042e-01,-6.445091943990979289e-01,3.391831272773361272e-01,1.235662943343059511e-01,-8.861500736871664730e-01,8.560946590767326558e-01,-3.137440735413697390e-01,-3.794371519638443102e-01,9.950570285240409318e-02,2.117288414016003373e-01,-1.259103222859928040e-01,9.723627225607984759e-01,6.633508932075373732e-01,-9.775094324298426729e-01,-8.960532904273811328e-01,-5.985102451162671588e-01,7.031681625603157515e-02,-9.526343032738998629e-02,9.515167593676827629e-01,-1.000000000000000000e+00
9.897448733619946815e-01,-1.901339764311035449e-02,-8.524777731534792791e-01,-5.048054259478809147e-01,-1.982714009804744937e-01,-4.705759327106737167e-01,-9.171772193407619067e-01,8.221424286624077205e-01,6.686141596475648763e-01,3.702645127230649869e-01,1.298720277206441287e-01,8.412902252297295158e-01,8.309803510451106989e-01,8.330433200421957229e-01,-2.406843415918299978e-01,-8.674782871163556619e-01,7.893324092689939508e-01,-8.950910378179913751e-01,5.994661496336201045e-01,8.511002582648968806e-01,-9.408605545215300570e-01,-6.745825358074363232e-01,9.277290662513318908e-01,-2.945110733786633350e-01,-6.551729333732454474e-01,-8.398667498150785837e-01,-3.751082768096696274e-01,-5.482687401586612275e-01,-1.753661535170581987e-01,2.257166153460572408e-02,4.028752108866384130e-01,7.277784643294338274e-01,8.122519201948057155e-03,-5.807219115075737959e-01,-8.530504728488627064e-01,-6.674651300384536468e-01,2.354749014055048661e-01,-9.371538063892298487e-01,9.221768360278559395e-01,6.878926598350338928e-01,9.841669490537542364e-01,9.596567407619454038e-01,-1.634351669045812083e-01,-9.641363566897154236e-01,4.302202408322268190e-01,-6.864659370698040775e-01,-3.407224497882564984e-01,3.215135101413349461e-01,1.000000000000000000e+00
6.708864770377573894e-01,5.887493682094002700e-01,-6.867884386008030750e-01,1.269071706293198876e-01,6.560915969354268462e-01,8.544165500820563031e-01,-8.801111112180506346e-01,9.541322783264418739e-01,5.146878354364270436e-01,7.703293911375567182e-01,9.694026654070061477e-01,3.232948536290646269e-01,2.812872414428577716e-01,8.421048069915446077e-02,1.889116419430605931e-01,-8.258840572706098726e-01,9.511548011127876068e-01,-5.806658389814469690e-01,5.070379644188799384e-01,9.973893049953422851e-01,-8.932594743645286828e-01,3.128322289530749978e-01,4.979694077936254182e-01,-6.927844586134007665e-01,8.070590554159989827e-01,-3.844083100169084499e-01,-7.683776328144500400e-01,3.065188137477783403e-01,2.539861107541690477e-01,-2.473708846802579464e-01,-1.157467896229518317e-01,-4.660818735218941189e-01,9.639274400990672786e-01,8.081568699902169639e-01,-9.210995864279611922e-01,6.367885318948741658e-01,8.174586071294924761e-01,-8.771491886660677251e-01,7.161324527639904014e-01,8.705508924571483398e-01,9.997173418554839985e-01,8.712696928158444321e-01,9.594138730619952149e-01,1.571645900471907442e-01,9.667990404090466283e-01,1.487811652174514387e-01,4.614275047693669474e-01,-5.565810478310568854e-01,1.000000000000000000e+00
-9.838243627016558523e-01,5.247945270903673354e-01,2.361462962803273502e-01,9.619530489430508924e-01,9.915991503920390526e-01,9.885089183853084105e-01,-6.256173659534457476e-01,9.664938196345154164e-01,5.224760068410746472e-01,-2.495043014296950690e-01,9.697867550051285646e-01,-8.982081865436010171e-01,3.676305313259374818e-01,4.502386615957746918e-01,-9.927932429004633630e-02,8.445003581281164129e-01,7.262808448547090068e-01,3.780266031436686491e-01,-2.035607531022692596e-01,9.753883313863253024e-01,9.228927755270136535e-01,9.760662054542401656e-01,-9.807155511269746162e-01,7.851296539332576208e-01,5.725016230657477001e-01,9.432720940833433376e-01,-3.358351285118372775e-01,1.635096348775914032e-01,7.049634780021414304e-01,-2.532111763895655843e-01,-9.517125557302533734e-01,-8.663338307236109204e-01,3.604727547155433531e-01,9.058039746649555468e-01,-1.256125981845269135e-01,9.657638026594814740e-01,9.963815084533340638e-01,5.264520459295892740e-01,1.100485576051695585e-01,4.820938821974298238e-01,8.185643952330017292e-01,-3.290715881541649845e-01,7.330860214653455165e-01,4.842418486581290815e-01,9.484260339335573997e-01,2.772384302617675322e-01,4.345489681354210154e-02,-9.406269084374222489e-01,1.000000000000000000e+00
-6.841461267430840598e-01,-8.903608168620376073e-01,-7.271689642112630914e-01,8.004945308910443869e-01,-8.024159850459172683e-01,-2.587979167712473050e-01,3.703309676966870371e-05,-2.791865150187337608e-01,8.491310250603495424e-01,-8.996374189148076406e-01,-8.660354968807514042e-02,-5.397355261861128684e-01,8.408989081769028262e-01,3.005895919925859472e-01,-6.530736739392869472e-01,7.038674122344832362e-01,7.156873917215258452e-01,-5.441282103398770165e-02,-6.458207748472773180e-02,-6.557929083503404311e-01,-6.480358563513122228e-01,-6.356734184820170830e-01,3.997656741594135532e-01,-5.700495390612527746e-01,-6.934863669568080979e-01,2.657167458801394377e-01,1.174333528120997810e-01,6.457204383092836064e-01,8.465957861201994783e-01,7.279452634210340500e-01,-8.797155262109990215e-01,3.203728224452635498e-01,-6.255744984824657129e-01,-8.247325888048134823e-01,9.073816883415363188e-01,-7.275161470255065987e-01,-2.242474619739566744e-01,8.175356674392536549e-01,-9.386911229772959553e-02,-4.664450059462356413e-02,7.108635056455120393e-01,2.409555620610600093e-02,-9.868875435320517697e-01,-6.330805793685110316e-01,-6.600513553732119121e-01,-5.168701786411715737e-01,-3.800322483064760837e-01,6.976554647835662148e-01,-1.000000000000000000e+00
-9.325552666514008715e-01,-1.697260534748590011e-01,-2.736570809822508887e-01,8.074173631690534370e-01,5.145461055756964663e-01,7.921345003980613253e-01,-6.327615677060479671e-01,8.201885243579460916e-01,2.833404921081266181e-01,-7.402325182864135655e-01,6.481937551213271531e-01,-5.466434302566104408e-01,4.205479012663597138e-01,2.934863553005379599e-01,-5.469005872608539987e-01,8.949701153025557687e-01,4.710492592537656731e-01,2.845328303338177933e-02,-8.155676132846480242e-02,-4.124409493713905306e-01,8.749955271399513235e-01,1.416924496589770932e-01,-8.261055572131964508e-01,5.221235157959357442e-01,-6.933430483506810571e-01,7.263355908431189389e-01,3.798673726890358093e-01,3.318710427023371934e-01,6.851189105459813966e-01,1.511311659298080756e-01,-9.014307338360906252e-01,-8.276800479716595049e-01,-6.922505647259186157e-01,-2.749708828239466607e-01,9.065581501978363654e-01,2.735380907592789845e-01,9.464502548722826258e-01,8.390962068471742308e-01,-3.059716378813001070e-01,1.299295020982760285e-01,5.766112842232910818e-02,-5.513792165352626728e-01,-9.462773580718233379e-01,-8.317965883203536082e-02,5.474597542406892670e-01,-4.736875598008911670e-01,-5.121121848509572194e-01,-7.299821639539620932e-01,-1.000000000000000000e+00
-9.864008177197727267e-01,-4.254157324631651638e-01,2.667971440388173798e-01,7.974085956468874858e-01,7.535321863188046976e-01,9.260337095949091601e-01,3.980714532941466710e-01,-1.247384521629845977e-01,7.930448697057361773e-01,-9.792227406533251521e-01,4.562466005324408713e-02,-9.257981068277847392e-01,9.161680105465938029e-01,9.254969880222219114e-01,-5.292576731973113180e-01,9.754156785130209117e-01,2.278200372041319921e-01,-3.066716700092718129e-01,2.726563601585124119e-01,-7.456178940803352972e-01,4.569614237882577146e-01,8.815972460148576717e-01,-7.590829295686838396e-01,6.188740407995186876e-01,-6.748507746784140338e-01,9.361950867709443180e-01,6.026097868475271957e-01,7.542175606833997348e-01,8.178186067250372560e-01,3.959769692181009382e-01,-9.756223134397814523e-01,6.366194261652824427e-01,-9.336570548263051217e-01,-1.433329524899699114e-01,8.533926980465295076e-01,-8.118276268723295663e-01,8.062903867248943923e-01,9.156707070863401299e-01,1.162212775257880776e-01,-3.510878660701985954e-01,-9.223986003041809711e-01,-6.745802040696600166e-01,-9.493923968111296352e-01,-6.709313698919278091e-01,-3.112778748412994290e-01,-3.217299836436083305e-01,-7.492947471561689499e-01,-5.740353420453724320e-01,-1.000000000000000000e+00
-4.395090464744287329e-01,-4.019113624141697483e-01,-6.941179851341686691e-01,-6.236461128573529411e-01,-8.822972609525182586e-01,3.644118251427493765e-02,-8.530538125743739597e-01,4.415369167382073856e-01,-5.832556686063993245e-01,-7.541870753163374408e-01,-1.138872333022489386e-01,8.018579631395966745e-01,2.110871342314558363e-01,5.418948411731883130e-02,-5.229113912019689447e-01,7.987945774640392571e-01,4.821697377000255802e-01,-5.972659514551104110e-01,3.702240277179558864e-02,-9.720216994681064593e-01,5.981951575176125413e-01,-9.575670013543725601e-01,2.838454238012997344e-01,-3.389390051060725551e-01,-9.415344611948601727e-01,-4.690026678015944417e-01,8.472658797749947901e-01,5.651741872105416897e-01,3.581983015623595445e-01,2.836447102861517910e-01,-6.788273532715020098e-01,-8.101703213018474070e-01,-8.976596863945787153e-01,-8.690466678541384216e-01,9.704917592674621174e-01,-9.125536208309867892e-01,4.687725585811117757e-01,8.925974508621152825e-01,-4.729755193410905556e-01,3.312334093876302954e-01,-5.264754823265773570e-02,-5.803540298921092688e-01,-9.966575336642138350e-01,-2.962010239103211873e-02,1.687243731086919274e-01,-9.075767280520283808e-01,-7.481953033257680019e-01,-7.010824618848234824e-01,-1.000000000000000000e+00
4.056110632707187746e-01,-9.804514682097420497e-01,-9.225985499888370578e-01,-2.719410416488816651e-01,-6.307707896419848526e-01,-8.646648800795272427e-01,-9.124266457685272780e-01,-6.819244314066176260e-01,-3.477057595042102878e-01,-6.000138029191417477e-01,-8.450490442297643456e-01,9.780930423314808664e-01,8.952931840556995757e-01,6.052277222945605661e-01,3.202323268183048244e-01,4.225507646710958132e-01,8.393926279105158317e-01,-1.587213290989080150e-01,-9.685676334236607010e-01,-4.373542421364890465e-01,-3.829835011399500971e-02,-8.807151637898299468e-01,3.408550603649441180e-01,-4.707994456736503963e-01,-8.561986648097271724e-01,-8.910860068187329563e-01,8.866088274661820812e-01,-6.348499709825842219e-01,2.577892800970383869e-01,8.144155128294071622e-01,-9.234971182656929178e-01,6.668501919779453724e-01,-9.734461584285929447e-01,-7.614160361702388968e-01,-3.180666708841670132e-01,-5.015678247539050449e-01,2.057450867598339117e-01,9.193015445236616401e-01,5.077033207110462909e-01,7.237683105302992193e-01,4.433402088229726479e-01,5.006810235752786609e-01,-9.433936712075623454e-01,-3.897866135173774227e-01,-8.498984542607624926e-01,-9.920745736399351200e-01,-3.911692806446660509e-01,-3.090681729881625261e-01,-1.000000000000000000e+00
3.543486885356242518e-03,5.964718287456390877e-01,-5.300109966283997887e-01,-9.205930987334269844e-01,-2.862933294304336601e-02,8.492052937043415017e-01,-9.524055499541366210e-01,8.372091873684631702e-01,-8.382225430541647704e-01,3.059081571353773621e-02,6.869276664531911436e-01,9.300411415135094728e-01,-3.898873356559970360e-02,3.548789550003682569e-01,1.865630275312118724e-01,3.226794466716368937e-01,7.623404470107523201e-01,-8.166234983157149019e-01,2.337050056705615442e-01,-2.281963471375218419e-02,3.278454508996990757e-01,-7.054060573942186885e-01,2.242474285061822337e-01,-3.779912693010745728e-01,-5.401543950150184958e-01,-6.300949498773266155e-01,7.699578158283556517e-01,5.171986265044468123e-01,-2.041866230703702489e-01,-3.094496902521037818e-01,-4.704976547163960410e-01,-7.958529668847463823e-01,-3.733196811675350002e-01,2.069771013342540100e-01,1.289991702214418334e-01,-7.846741201503667495e-01,8.515802301236030658e-01,3.826955481727138397e-01,1.308822478495728081e-01,8.064203297491614464e-01,8.303009131838288148e-01,-1.650976274300127167e-01,-4.923487457987759663e-01,5.284440433718761154e-01,9.171217175156253232e-01,-8.722966305526204112e-01,-5.570859539431763929e-01,-9.701564457816173048e-01,1.000000000000000000e+00
2.696310574964581597e-01,9.305830182707442999e-01,-2.926909221619027890e-01,7.062238294661705995e-02,-4.677992074927197486e-01,9.437927214445879232e-01,-3.305200490758216092e-01,9.729086609257774354e-01,8.583084425058704614e-01,-1.919274027703097739e-03,9.815120320708308199e-01,-8.619658133319905158e-01,-4.326601022398526841e-02,-3.288549378059691525e-02,-7.552779942072718189e-01,-5.288852649890966040e-01,7.966582158603549013e-01,-8.488784718015882635e-01,9.916677794076825814e-01,8.308633854560130150e-01,-9.547447223689583540e-01,-2.657332219424226039e-01,8.479228788340463785e-01,-7.429108891154649896e-01,3.509186054312199432e-01,4.797866587024449680e-01,-8.743450564339162456e-01,9.437481610521865072e-01,6.164190301984732168e-01,-5.123520646802407486e-01,4.864908824278427191e-01,-7.508882801969032350e-01,9.777613230870443317e-01,8.152235915650885012e-02,7.066924834312811043e-01,-7.827105257759561230e-01,2.970042087317538715e-01,-9.144442260026460767e-01,1.792406240481094759e-01,3.311000096066968879e-01,9.983020272774991710e-01,4.981027194748954279e-01,-2.027351777122440302e-01,-4.683568579153055134e-01,9.754105382056256213e-01,8.942009196350886313e-01,-1.527277819873432974e-01,1.474639775558716503e-01,1.000000000000000000e+00
-9.830787194618219038e-01,6.954186705819599412e-01,3.203948995002929290e-01,2.325149559454496306e-01,9.085821124125998960e-01,9.898290519274580701e-01,-6.372449082999213088e-01,8.772099627858797044e-01,-2.996065880421666661e-01,-7.043764609099477658e-01,8.964210925812647890e-01,-5.680645594853425129e-01,2.121822628396847765e-01,5.877684111400421907e-01,-1.244275450972820024e-01,9.327925740282348999e-01,5.534468744158249631e-01,-3.696568120034872673e-01,3.320093102917324734e-01,2.129573712960799725e-01,8.845858173152979509e-01,8.136760908791377256e-01,-9.006563559328113477e-01,5.205285770847205562e-01,-1.164385443163015038e-01,8.516642741045429288e-01,5.840046713734114991e-01,7.597204942579778297e-01,5.221337518845192704e-01,-3.259587999193493402e-01,-9.268573564577075041e-01,-8.375780440500595336e-01,-4.163066597981494033e-01,7.244013747408659665e-01,6.661127873402307165e-01,-9.828022892749228856e-02,9.803712740103925904e-01,8.179043923270102878e-01,-2.369974605666337608e-01,4.226237829665041579e-01,-5.158421332929191000e-02,-7.708427222230779252e-01,-3.532474728892451843e-01,6.243896428102361229e-01,9.276992705718959398e-01,-2.888333405571446022e-01,-5.511483952820721566e-01,-9.784757673572728187e-01,-1.000000000000000000e+00
-7.718148718574686651e-01,-4.082282709946433163e-01,-1.338275759352278993e-01,9.444322869244239360e-01,9.688179328321769868e-01,7.741834932116185009e-01,-4.495825773929998936e-01,7.323834311816505016e-01,8.599391239878846349e-01,-7.618311097151826417e-01,3.172784025469676528e-01,-7.924340440639511263e-01,9.219247110573741688e-01,9.300849154553419984e-01,-3.377693243325780581e-01,7.881103842051312425e-01,4.382328685249010092e-01,-1.043081101612568368e-01,-2.893526270848348347e-01,7.533800454061279073e-01,6.344738248290662241e-01,9.400016492964717862e-01,-8.633030230605847066e-01,8.713793967483758340e-01,-5.091713001143063355e-01,8.444344906331785472e-01,-2.613464698546012766e-02,-5.031465379180762865e-01,6.286254903506700575e-01,2.305168764344169285e-01,-9.364979143885335811e-01,5.649743745298949626e-01,-8.298951032510298864e-01,1.977933927480454435e-01,-3.218559832034028068e-01,6.400475125579939695e-01,9.687047941724774569e-01,2.993976034985467161e-01,7.334998887507252485e-01,8.145717294323752411e-02,-3.159050056281410557e-01,3.792871604441972466e-01,-3.652100537313937578e-01,-8.903826404025929619e-01,7.783426958637190696e-02,-4.034150759488226434e-01,-4.548115169367663579e-01,-4.750037322754140923e-01,-1.000000000000000000e+00
-3.140457448728420364e-01,-3.568700617315952450e-01,-8.036367689440817585e-01,-7.009845529407200404e-01,-8.086682062810647276e-01,2.474781497189891544e-01,-9.425116311326771079e-01,6.534323215898504289e-01,-8.067055598321961618e-01,-9.473808116574335136e-02,5.347961151612131703e-01,9.387088070944877849e-01,-2.066860973407939617e-01,-5.137857235667621092e-01,-5.081605520115991398e-02,4.581651697600651052e-01,8.329145488813417542e-01,-3.911370497464440876e-01,-4.675505905635618520e-01,-5.563482553962398880e-01,4.794229819216889732e-01,-9.553055158822706394e-01,1.995255522145718274e-01,-7.142400404495703459e-01,-6.729230637300627205e-01,-7.515051068027616132e-01,7.665158908888259903e-01,5.063295072116559270e-01,2.366524400976839915e-01,2.316153396966812439e-01,-6.616802447902084827e-01,-9.294383135376871330e-01,-4.227816245768191150e-01,-4.665587941516328163e-01,8.113742056494684940e-01,-5.385080152435260947e-01,6.558498750632676400e-01,8.528660853792289220e-01,-4.775437467512048118e-01,7.627766519347198848e-01,9.303640603718124069e-01,-3.698234552560219490e-01,-9.391947459003333609e-01,7.603958748934847023e-01,7.010482708476616365e-01,-9.201591349739877135e-01,-3.600651312440271146e-01,-8.654694922344393637e-01,-1.000000000000000000e+00
-8.352860092214886567e-01,-9.848490140065944143e-01,-9.167940233038752718e-01,9.646453746888660197e-01,-7.939991512558539632e-01,-8.773744146880806394e-01,-8.405746261099221739e-01,2.706792831010827460e-01,1.407811269536516918e-01,-6.091753166024809207e-01,-2.037572085746283956e-01,5.518081129139188468e-01,4.217341089600139536e-01,-7.579531356578177448e-01,-5.555578190109227155e-01,8.371831586773724743e-01,7.585359803677239610e-01,8.328315933982812780e-01,-9.717957951204483358e-01,-7.632051065940143042e-01,9.301160338520230164e-01,-9.452983189489013727e-01,-7.834424127498883506e-01,-1.374926402045160423e-01,-8.862318509746789363e-01,-2.600383567836784815e-01,5.601748137045409193e-01,-5.348636949594661738e-01,8.268443803637676170e-01,8.401830958649413317e-01,-9.543537175405486517e-01,-9.274894147874236383e-01,-8.935133692273188322e-01,-9.128553988453375068e-01,9.722539953127139478e-01,8.808761320349730584e-01,7.930783547658660781e-01,9.847784289332360830e-01,-6.983274214798607105e-01,3.001465954730188623e-01,7.426668162944968232e-01,-3.502565644675521006e-01,-9.976077067984663316e-01,2.754634567825666180e-01,-7.222322066597804957e-01,-9.411333068176805927e-01,-7.170836190180190917e-02,2.998921044827427274e-01,-1.000000000000000000e+00
-7.409389609074075178e-01,3.625100695132287276e-01,4.915976931125313337e-02,-6.174536796314634701e-01,1.687320637536300350e-01,8.967271913416308138e-01,-3.542310888567831717e-01,2.668961873028437570e-01,2.028578448226306119e-01,-9.322664732883960692e-01,-1.449232050242025248e-02,-2.388401430056894537e-01,8.004749425592559975e-01,9.268435490278306155e-01,-4.445426215537751635e-01,8.858792074464313382e-01,2.160228217962313346e-01,-8.657920363129464336e-01,7.753662309440834122e-01,-8.871442786401705360e-01,-4.918880442710853867e-02,2.024720578680990757e-01,1.716632811195041852e-01,2.852379988950764500e-01,-8.449775160856811684e-01,5.397340405418644682e-01,7.630746107676681378e-01,7.885624449900442423e-01,3.830652185131213638e-01,-3.613010887344825922e-02,-8.010557846959658335e-01,4.815874248785389500e-01,-9.090282570835663822e-01,-4.002717780553660121e-01,7.793042261962591644e-01,-9.805916085636701141e-01,5.957638288938323923e-01,6.126581971066584753e-01,3.252199616162647078e-01,2.014343139226763141e-02,-8.235659176039895613e-01,-4.690173546437345631e-01,-9.529613986214569010e-01,-7.240437233190798461e-01,3.029265835368695758e-01,-6.141460258093422997e-01,-8.518040758907267085e-01,-8.072073064859605074e-01,-1.000000000000000000e+00
-4.604581017910874263e-01,-7.370031431994054083e-01,-8.201320138987621133e-01,-4.236549820088089113e-01,-9.216098909179111232e-01,8.762967521372461155e-02,-6.808468204037951832e-01,-1.192768851781051548e-01,-1.275188153154895032e-01,-5.796857144549596441e-01,3.940769995991630914e-01,7.220051590897313964e-01,3.901333198930598822e-01,-3.546878096902110200e-01,-1.607884192195689621e-01,3.818991988978256980e-01,8.949729315905298188e-01,-3.413367569491217446e-01,-2.555118462886797892e-01,-3.836503316638050776e-01,-7.147299908136406366e-01,-9.212798107415290927e-01,6.961809346196509152e-01,-9.121076327825957675e-01,-3.487190147768686188e-01,-6.263765521674667935e-01,5.320742685289189255e-01,8.207701789753065746e-01,6.278272376893748730e-01,5.798773660233458305e-01,-7.727739974528463618e-01,-4.734198072504960386e-01,-7.961678826752496829e-02,-5.291480108487363054e-01,7.739140445481108577e-01,-8.378377922522390886e-01,-2.869377468568874989e-01,8.440198586404668024e-01,-3.548774760775337267e-01,6.388622240341109704e-01,9.712752267532498429e-01,-1.396770891939569381e-01,-9.306446967880040999e-01,5.897062023349225468e-01,1.599203554802512417e-01,-8.071075048984828193e-01,-1.941852826007639810e-01,-2.456554869576697275e-01,-1.000000000000000000e+00
-5.139715465260852323e-01,8.839372258107520697e-01,4.335560684971832002e-01,1.887141636807440070e-01,8.931564031515980551e-01,9.811451025905544299e-01,2.355054619307323654e-02,8.700520068460123602e-01,8.872256521068507817e-01,-8.341309948098898364e-01,7.801655951936357081e-01,-9.323914465523291950e-01,8.510140045524727803e-01,9.671841958546726348e-01,-5.968790418371999751e-01,5.993456626207761540e-01,2.612237665985783774e-01,-9.035472464110443358e-01,9.736753613741733204e-01,4.699629379746155244e-01,-6.654268713450032235e-01,9.305748554786800186e-01,1.080946885313240069e-01,6.167435560634275671e-01,-3.404324948237431592e-01,8.918100094758006913e-01,-3.314264674341634298e-01,7.727618151788786527e-01,4.745636256043186396e-01,-4.745903741890960537e-01,-5.334390826467076963e-01,6.881658486515153106e-01,-1.075267318928634780e-01,3.502597843736444672e-01,7.240358921878826959e-02,-9.043332165444344373e-01,8.301322632252106093e-01,-7.303574069304284988e-01,7.665292138842459968e-01,-9.430094224596193009e-02,-1.436727871211566400e-02,2.636395987172122646e-01,-1.710219562981777630e-01,-9.325553419722212301e-01,8.321487192206945549e-01,6.153877609526076098e-01,-7.305068108351655543e-01,-5.948970412167107202e-01,1.000000000000000000e+00
9.775434255276026496e-01,-7.471648209465487911e-01,-9.442070503648709590e-01,-8.713605638460877323e-01,-9.380202064310616539e-01,-7.518163489377593933e-01,-8.983359725028341458e-01,-8.673768085230011693e-02,1.848852049366117856e-01,2.222541073607096074e-01,-1.099860460212583463e-01,9.731084472448475742e-01,7.646503692601760438e-01,3.465718290176315608e-01,1.539252339734819564e-01,-8.615704970861054468e-01,9.419703719867525971e-01,-8.320553093957377966e-01,-5.626258522038424248e-02,6.827938224941039191e-01,-9.884698810309918704e-01,-9.619288084090510393e-01,9.827733759345586018e-01,-9.487561185837241062e-01,-3.562685913028963425e-01,-9.678341037567046445e-01,1.499831268333688405e-01,2.161831734728990317e-01,3.901113050473655613e-02,5.373412469735788788e-01,4.056759762297457161e-02,7.266945195379954647e-01,2.136219813064816897e-01,-6.386048566921419534e-01,-7.559332753503260616e-01,-9.188916598068194164e-01,-7.611538255582738222e-01,-5.291014275784110543e-01,7.555943500581375760e-01,8.433212156460320186e-01,9.975974874513674484e-01,9.156156940997468574e-01,-4.481973711295411111e-01,-5.763357800827074717e-01,-3.039163407943353337e-02,-9.027783311121637677e-01,-6.210273130277112891e-02,4.149410387294928393e-01,1.000000000000000000e+00
6.049089156464204642e-01,-8.564120137291043877e-02,-2.347453594378775543e-01,-2.034189437431129510e-01,1.101869128884439969e-01,7.455729219841401856e-02,-3.269056672936807018e-01,2.294154501525205170e-01,8.459971646510421328e-01,-9.557572757838199706e-01,-8.197822154802726358e-01,-3.418476810966928348e-01,9.653519742508490653e-01,9.894203346326120307e-01,-7.584663882613227326e-01,7.234447570070761113e-01,-3.375621539045474129e-01,-9.337605723759030418e-01,8.611654989437180774e-01,-9.574707450102341033e-01,-4.312852843349456733e-01,4.841436506493092956e-02,6.445272457568016478e-01,8.024909409709594099e-01,-9.825551395409654054e-01,3.880767202882384748e-01,5.882159598793056388e-01,-7.736976643209921012e-02,2.394794792213684465e-01,1.251666973051344389e-01,-5.144241863239275014e-01,9.478542475098827857e-01,-9.867117184492605331e-01,-9.217700482680024621e-01,6.679851125108231535e-01,-9.879692374490763873e-01,3.317006116192108278e-01,-2.842480145315094964e-01,8.493708991704596034e-01,-4.498953554534544375e-01,-9.713828646687772128e-01,4.711444789746525030e-01,-9.928689070026105457e-01,-9.965290944629584535e-01,-6.654091847667927828e-01,-6.907473901925594850e-01,-9.277562891563615466e-01,1.904961801520711207e-01,1.000000000000000000e+00
7.402958044089918976e-01,7.016664659265121617e-01,-8.652011374785009701e-03,-8.659350000542334058e-01,2.262380848060823457e-01,8.532998080796095897e-01,-1.173852494605290286e-01,2.250541473292258232e-01,8.331662238934627318e-01,-8.966788507973428857e-01,-1.957360000620170515e-01,-3.474529931389530035e-01,9.532816735867097879e-01,9.910635329379433589e-01,-4.586721869759778913e-01,1.457510102063341584e-01,2.911329848202336978e-01,-9.814747581710914215e-01,9.768959830073407069e-01,-3.779739181671680770e-01,-9.743578561751825573e-01,5.393709306057866693e-01,9.342812646572811186e-01,6.187534254894206526e-02,-7.620880871146600288e-01,2.181058959224291272e-01,2.442301616723404900e-01,7.598477031765757950e-01,8.124323236656401381e-02,-2.298111048107120413e-01,-1.508390086016076492e-01,9.799938842579102305e-01,-7.202345531126466138e-01,-3.876422875184127315e-01,-4.130729409734375523e-01,-9.975015620408549388e-01,-2.309308730716974623e-01,-8.338605710112995117e-01,9.194359586151775732e-01,3.803094399323566493e-02,-3.550032752834518246e-01,6.820488931733529325e-01,-6.373017857157781130e-01,-9.855526940371200917e-01,2.483968954425761211e-01,-1.751731546187288713e-01,-8.608465839858262525e-01,-2.107204133903662346e-01,1.000000000000000000e+00
-9.544347258993806093e-01,-3.235761321113505007e-01,1.304512035784712032e-01,9.484105450782636115e-01,9.422704390024867482e-01,9.338447098747898467e-01,3.080315498903007376e-01,4.202165672176521038e-01,9.354329522693246579e-01,-9.037583654104202058e-01,6.105925942601021505e-01,-9.589264913197731444e-01,9.298070195280562222e-01,9.140783156785655672e-01,-3.902146572141732550e-01,8.663906587024469141e-01,5.868529507810844592e-01,-1.017057989877641622e-01,2.250593514901118031e-01,7.716839057227612431e-01,-9.276609679758458793e-02,9.698103286149090119e-01,-7.730869648357189261e-01,6.053053497984592912e-01,5.809976073881212288e-02,9.380786892520102116e-01,-2.318958739002487945e-01,4.802910592190317018e-01,8.241287338309901678e-01,3.221096905911770558e-01,-9.608326961592549287e-01,7.269483372792264753e-01,-5.052493548042433780e-01,4.734277851032360207e-01,-1.411271842287806959e-03,9.924511020513650250e-02,8.930505220461057991e-01,4.999357427074080928e-01,5.720443787722818696e-01,-7.340788794814176454e-02,3.828420037340671961e-02,4.903563841327031325e-02,-1.974680399430109312e-01,-7.488396406648263337e-01,1.268400822832385089e-01,2.039959333813134990e-01,-3.647584462835296026e-01,-2.700663556560488621e-01,-1.000000000000000000e+00
4.757883843829660564e-01,8.481992507349896959e-01,-2.561930317294728310e-01,-5.859292878973461072e-01,1.059383358252069668e-01,9.076669288902242672e-01,-6.368321933633894760e-01,9.044257908517892020e-01,5.745242081995978189e-01,-3.119809297330351505e-01,8.413485287562101345e-01,-2.646262599135421056e-01,5.096644676620560865e-01,7.584947685170201348e-01,-4.756971239822755382e-01,-1.916746682049263184e-01,6.616425948643162025e-01,-9.138308554004322959e-01,9.576191434403540370e-01,5.457049571097167817e-01,-8.556551026095835510e-01,8.232570605699131294e-03,7.592317467204462433e-01,-3.051122017647980855e-01,-2.826270197583408694e-01,1.461021206364420122e-01,-3.173480015361282436e-01,7.744040308929451832e-01,2.251686927883739531e-01,-4.346736315864452305e-01,8.904583335089304164e-02,-8.758946621297862209e-03,5.434059716342677371e-01,4.629139588564908786e-02,9.416696490511128337e-02,-9.082575690914441724e-01,5.375997336955852246e-01,-8.019167796005571835e-01,6.144517225019492379e-01,4.376436803318844437e-01,9.398774214331563348e-01,5.089039898933014339e-01,-2.597536792789603699e-01,-7.365626315803074364e-01,9.095617154618129696e-01,2.503145252770472284e-01,-5.423984071559253550e-01,-5.318995882153018107e-01,1.000000000000000000e+00
-3.952814513609942404e-01,9.798406362576838058e-01,3.308533879797186938e-01,-3.461886883889256916e-01,3.515575014918296270e-01,9.729690198125320322e-01,-7.329810680794783817e-01,9.913481116900252355e-01,2.030290177467772295e-01,-5.807605408546586689e-01,9.099572290514634787e-01,-7.546896401694817014e-01,-2.212909099953989378e-01,6.539124258713010507e-01,-8.559350111861477872e-01,7.044794518085765178e-01,-2.023872909291459521e-01,-9.161459608089250750e-01,9.908068322769507663e-01,-8.292932063954898680e-01,6.945370061105905490e-01,-1.699527623311830604e-01,-1.212328555937870894e-01,7.287571464924454956e-01,-8.913712041633161665e-01,7.921832500603736005e-01,-2.339975534772634203e-02,7.842932597495165803e-01,2.018787938349471123e-01,-7.832786023439801681e-01,2.560038790928499952e-01,-9.404634630151196273e-01,-1.028322546944333282e-01,-4.785257180937776411e-01,9.734326145561881249e-01,-8.812999223307774743e-01,9.495472163148634959e-01,-6.047411115407130833e-01,-7.029421087453675832e-02,-1.510516622624011873e-01,-1.448345486488744893e-01,-4.941525919357114827e-01,-9.663300620036999744e-01,-7.916267581042156776e-01,9.751421461198023222e-01,5.412876714240163478e-01,-8.567738894669938432e-01,-8.725806250786978246e-01,1.000000000000000000e+00
5.023654435061080115e-01,-3.750665875734128796e-01,-8.223889739108823926e-01,7.376964379133069682e-01,-4.717562693823210140e-01,-1.723734499666476627e-01,-8.147713156014833036e-01,8.896606477967652360e-01,6.854795930606403243e-01,1.353194925852903019e-01,7.451276390922664250e-01,1.076750939854433653e-01,3.878356148995904529e-01,-2.419592159884880744e-01,-5.652199334098634287e-01,-3.429245755161889897e-01,8.236160014294874321e-01,-2.076473160501459692e-01,2.039103036503323585e-01,7.007597667748655113e-01,-4.503767273340126276e-01,-7.499202748986150135e-01,3.767482843734412667e-01,-4.230502266368039166e-01,-4.262867417493248490e-01,-2.949658898326722456e-01,-5.402312185969609937e-01,-1.400789434810396743e-02,5.807306142878193578e-01,2.653775583403837901e-01,-3.138427298716129354e-01,-7.095005658926973879e-01,4.925074826936222117e-01,-5.781047126453449092e-01,5.058978928047032086e-01,4.409486359414450662e-01,6.311483515113123222e-01,-2.920793190365662539e-01,2.264539115801144364e-01,5.041201350654739288e-01,9.923223884272123207e-01,6.673134106179090530e-01,-8.015465757318632756e-01,-5.446449538999122986e-01,5.788904583931128167e-01,-2.867789385888043219e-01,1.653685523000356788e-02,3.797379976926678058e-01,-1.000000000000000000e+00
-9.757696691285269175e-01,8.506375663900384021e-01,3.447102225588256075e-01,7.659588845638232169e-01,7.814249846832052038e-01,9.882810026398778369e-01,-3.294946143553466045e-01,9.648309042656145751e-01,4.989027052319329192e-01,-6.837762632397569318e-01,9.642283941400301428e-01,-9.392733666542107951e-01,-3.157118445031980442e-02,2.366940186379818400e-01,-6.732224175398808796e-01,8.846034842601648851e-01,4.468633175906862598e-01,-3.348822695418056661e-01,8.738832127224922530e-01,1.786276650242079045e-01,7.574833797497697585e-01,7.211956725117339984e-01,-8.283017710227758013e-01,4.772699955408207240e-01,-1.357402082796782261e-01,9.371486073992937316e-01,-2.218429231668467561e-01,8.649261663555699586e-01,7.320005123368744648e-01,-4.400436682836996183e-01,-7.890600367751805511e-01,-9.364255960934552148e-01,4.063518875963222921e-01,4.389201518352571219e-01,9.344992012301631679e-01,4.798119058999284620e-02,9.688698312186424522e-01,4.429722532855837613e-01,-4.290834583561385362e-01,3.678378924812151368e-02,6.009649008547411908e-01,-7.060728867651242524e-01,-7.252241190111514690e-01,2.302527824311162152e-01,9.559937964802244226e-01,6.298703843156634452e-01,-4.852548783350921213e-01,-8.659800734903814190e-01,-1.000000000000000000e+00
6.419867442147114689e-01,3.898140854272890143e-01,-6.182619719739758102e-01,4.593030533236246854e-02,6.138453887068499037e-01,6.099565344504030984e-01,-9.084168563516897832e-01,9.335586237389555953e-01,2.942610197096003910e-01,2.909287356143857028e-01,7.481591241287295357e-01,5.052011195696251011e-01,5.171866494628203359e-01,6.037884551725336557e-01,-1.674323813828696994e-01,-3.287990507147160457e-01,7.601811129510984699e-01,-6.771742888208702738e-01,3.644394195128307645e-01,8.751951670756655810e-01,-2.004123764826142295e-01,-3.790522600134897668e-02,1.452417935346209943e-01,1.482457168673243508e-01,-3.472543496975044053e-01,-2.721968456429712524e-01,-1.924953592864634966e-01,-2.562827000455810689e-01,8.435757399647669796e-02,-2.011446812163849573e-01,-2.850414996632456566e-01,-3.724036168281955606e-01,1.521067815224152464e-01,1.164179960504551359e-01,-5.396547397024658022e-01,1.849837678461508095e-01,8.952496527717453967e-01,-6.356748430224531399e-01,6.893234237177237045e-01,6.787270486067156217e-01,9.614225005899934562e-01,7.157954186783596073e-01,7.974987593176952050e-02,-6.365618633195262444e-01,8.442903460039166141e-01,-5.067434687649152725e-01,-2.566373906539137772e-01,-6.485332424630830817e-01,1.000000000000000000e+00
-7.200025757328015752e-01,-2.737943248404446916e-01,-5.069362868220943508e-01,8.990960402516043892e-01,8.515317017220525031e-01,7.736244333322856992e-01,-7.456487144023163927e-01,8.811756193166774276e-01,5.939821164444292201e-01,-9.014264540259511738e-02,8.536586185731138698e-01,-4.099519168884465659e-01,5.699152162049089254e-01,2.773663883325382939e-01,-1.497467641720041376e-01,4.107392023641995848e-01,8.227438353315017494e-01,1.896376451307446032e-01,-4.248535617500596162e-01,9.414029413925445455e-01,4.507341932605148926e-01,6.458141138873269016e-01,-7.634796704672083267e-01,2.671815942782848063e-01,1.845167039707682199e-01,5.278870036912131081e-01,-3.178755764910725090e-01,-1.240200283721248908e-01,6.353082881121200343e-01,1.782505852981478844e-01,-8.707752018476978551e-01,-6.061831371477395258e-01,2.170615952164201556e-01,4.861294601180345953e-01,-2.216446675223712470e-01,8.733424281303349135e-01,9.563464615877749209e-01,3.051305050011293707e-01,3.262855275415890155e-01,5.726014871848013055e-01,9.560462900335625624e-01,3.433484078671190098e-01,1.691002547430520142e-01,-2.242433784035341091e-02,7.359009187284615283e-01,-2.997699433535336300e-01,9.878749226689229057e-02,-5.945262462098972467e-01,-1.000000000000000000e+00
9.787576036174954197e-01,-9.030814388987488117e-01,-9.797861848814186647e-01,-8.075080035198088924e-01,-9.299750032180543746e-01,-9.238848703894506631e-01,-9.881155729710932034e-01,3.813611592360251490e-01,-6.962667471177087508e-01,7.965319098433619738e-01,-8.818806099758311201e-03,9.978234269385147792e-01,3.226959091587312534e-01,-5.439487537706541032e-01,4.591107076504593598e-01,-8.783538173885810929e-01,9.659772566632459645e-01,-4.311538892324233707e-01,-9.072804333415325218e-01,8.115138361414007129e-01,-8.001614894856291516e-01,-9.917715437363254782e-01,9.096075500968199279e-01,-9.342847601576694805e-01,-4.525282253598559845e-01,-9.915923663339050176e-01,4.759303212940646510e-01,-6.136935592659265026e-01,-1.905067701945114267e-01,6.069665642475978728e-01,-1.536092842575227102e-01,-4.588637228058261575e-01,3.328764563987273578e-02,-6.186128709399772996e-01,-7.730816389681981482e-01,2.722879657483803784e-02,-8.458236581456851644e-02,8.901382571948490696e-02,5.075279366768075118e-01,9.424114823108608041e-01,9.992334150755518563e-01,8.941446411069020606e-01,-4.600845798876292414e-01,3.210153856331324773e-01,1.990876451431680128e-01,-9.836046846213882811e-01,2.746498940109442510e-01,-2.113209233451878999e-01,-1.000000000000000000e+00
-6.340420831413787761e-01,5.065329071176540854e-01,-2.676186136136362026e-01,-2.519348429572954573e-01,5.753481744076950344e-01,9.161951870087887695e-01,-8.063198587815749718e-01,8.491730433678655876e-01,-1.743356670633347816e-01,-3.757312694336081837e-01,7.870320364435794414e-01,2.071591817563146198e-01,3.446730460644972238e-01,5.470485945858684085e-01,-1.227239552343402235e-01,5.870601405979685161e-01,6.943827316983451903e-01,-6.271741632620084772e-01,3.923850166144178253e-01,3.940839295503005824e-01,3.345573747558485689e-01,1.740855579958243415e-01,-3.243677871570708748e-01,5.161297771047845123e-02,-3.116352095721126592e-01,2.561850349670591331e-01,4.027404829281393539e-01,5.446537788066840857e-01,2.982113108218762410e-01,-2.032780936755480272e-01,-7.236433355609680484e-01,-6.282653276364357220e-01,-2.075304178803525357e-01,3.472978056826633853e-01,2.688964078864737317e-01,-4.227464132444661016e-01,9.058499571552822704e-01,3.408184081757033024e-01,1.947640411681443029e-01,5.850845478428313706e-01,7.422981849979043423e-01,-1.580302782988151356e-01,-3.911227721122141343e-01,1.243879442008348490e-01,8.688865253199716809e-01,-5.224396592121096639e-01,-4.686495937028308245e-01,-9.052564287071726001e-01,1.000000000000000000e+00
-4.358659855529594118e-01,8.231143624883330290e-01,-1.392810449805988171e-02,-8.501408483382286718e-01,6.788078284071636936e-01,9.858833913784312841e-01,-5.955135543364681316e-01,6.790692383598782023e-01,3.170897742978903006e-02,-3.666943048400649330e-01,8.948061744358808411e-01,9.830514128372136451e-02,5.824618337378723032e-01,8.300166935318089578e-01,2.933849097952224705e-01,1.386131043568019083e-01,8.571874729320321240e-01,-8.951672826172301090e-01,8.408483551751768648e-01,8.996637952802590821e-01,-8.814260201645767179e-01,7.099975809434506679e-01,5.434052052649182007e-01,-6.160022663649742380e-01,5.825748843947493594e-01,1.698479987692316229e-01,1.939101613758627274e-01,9.031901967141624521e-01,1.775730704997461606e-01,-3.749994794785343477e-01,-6.038738206125507935e-01,3.863086146697751744e-01,6.044190199848991085e-01,8.476527693671923602e-01,-7.442632649887782614e-01,-9.171728679052744138e-01,6.409410880996345705e-01,-3.865019541749223908e-01,6.292264539202109264e-01,7.478392685128162354e-01,9.504941936399087243e-01,2.079721585046772625e-01,8.375482051468112754e-01,2.654368793864593234e-01,9.445889726513357898e-01,-1.163768409593544106e-01,-3.646060059276312049e-01,-9.299058953275380901e-01,1.000000000000000000e+00
-8.223664886393395879e-01,4.862467374837307621e-01,-2.566012267415886949e-01,9.942092986091890516e-01,-1.465118376537137002e-01,6.188559946778247056e-01,-5.430913717645184657e-02,9.890035234750249593e-01,9.685253861807622267e-01,-6.750829687830403047e-01,9.381442031514986013e-01,-9.920782205485020322e-01,3.708836209767213399e-02,-4.268171428844063642e-01,-9.674042641134439346e-01,7.112020949942596815e-01,1.004866277979104688e-01,1.866793138158055754e-01,9.419907903436794960e-01,-4.761198053498451599e-01,6.993799280909172023e-01,-2.455754401681103649e-01,-6.652726038646021856e-01,6.640219448252480117e-01,-8.044884813614718855e-01,9.517335545450207324e-01,-8.852196937706935387e-01,5.284297235594602737e-01,9.048043140223738234e-01,-1.103887758788748980e-01,-3.407729125733944264e-01,-9.745947246353829918e-01,5.612117248648471612e-01,-8.624889951210767958e-01,9.969084557189072937e-01,7.143766427708432287e-01,9.198428291003294399e-01,-1.876776219273460500e-01,-5.640981464432524017e-01,-6.364530397033563158e-01,8.584395219935747612e-01,-2.179848554970387486e-01,-9.951964105204558209e-01,-8.780038722756031699e-01,7.633474098036482358e-01,8.967575986212097394e-01,-4.006487163851296662e-01,7.650488454139375838e-01,-1.000000000000000000e+00
-4.712221419429893920e-01,8.547701682143145074e-01,3.715001237292743785e-01,1.741113652298988679e-01,9.218726244315736951e-01,9.376487511485421811e-01,-6.853610696173800809e-01,9.509838349780641575e-01,4.763995043026769682e-01,-8.278566213503382176e-01,3.588115786822638209e-01,-6.869770605214866599e-01,7.382580451267264365e-01,9.661223101603048091e-01,-7.016595670066276824e-01,8.652232556198239388e-01,-3.834684041275249755e-01,-8.712045150610530087e-01,8.997500131336996221e-01,-7.370879257755700298e-01,8.547788410080365828e-01,7.562168090512272345e-01,-6.620396674375367274e-01,9.502216578173469097e-01,-9.376354011050782589e-01,8.476164551452473050e-01,4.442590921199724985e-01,-1.559695431860242364e-02,1.320039679597389548e-01,-5.605644670954429420e-01,-5.748477261075611855e-01,-1.325306202940539357e-01,-9.286737283870807325e-01,-3.763769699521247181e-01,7.357947842317759113e-01,-7.589956176813745792e-01,9.768730426182227200e-01,-2.716541150571237240e-01,6.270737871139924202e-01,-2.312533148081964696e-01,-9.468964758926494696e-01,-1.841898374976606023e-01,-9.316267425777187139e-01,-9.599456142343213427e-01,7.572909242328894619e-01,-2.315910759162547738e-01,-8.939356248137744210e-01,-8.797986925169684058e-01,1.000000000000000000e+00
-7.698530264091263398e-01,-2.528815827888905576e-01,-4.398764336343985448e-02,-9.884900116922858970e-01,4.507910499835942608e-01,9.509855223514086520e-01,-5.162189059428734517e-01,-8.918723186161389149e-01,-7.065818575026241444e-01,-9.461842949296502825e-01,-6.187035066453933085e-01,8.993042850299900470e-01,9.419988508888959000e-01,9.851366900570779350e-01,7.216406099335117563e-01,8.786409897507592159e-01,7.415514550116928394e-01,-9.382421487071915811e-01,-1.708080025378410916e-01,-5.781953810345255018e-01,-7.818800562475475280e-01,6.023456538446577690e-01,5.927367159707517263e-01,-5.497461453074392601e-01,-3.845662365542437677e-01,-3.655197815878609147e-01,9.758916903077591298e-01,8.748990928191358041e-01,-7.482757708495658966e-02,2.916630299187419340e-01,-9.571010080013575561e-01,9.769832000827374241e-01,-9.711732650327503658e-01,6.162207440222429167e-01,-8.019349248198250901e-01,-9.979640479537010833e-01,3.568375207640610974e-02,8.947403622375093013e-01,7.309795868101814920e-01,7.199837826235117033e-01,-8.553617382930523982e-01,-4.012485817979028480e-01,-5.379766242964293538e-02,1.327088886281555247e-01,-8.781323751923961196e-02,-9.698487770529563567e-01,-8.237008471195843562e-01,-9.804921702453285315e-01,1.000000000000000000e+00
-6.242800735458443606e-01,-5.488390319867252343e-01,-7.644643453758308560e-01,-7.692355204680301206e-02,5.481286591272834796e-01,5.695974669966621384e-01,-9.700960983776324431e-01,7.758767483433393064e-01,-8.248493789235609164e-01,3.720528392381098337e-01,7.000824375998678795e-01,9.443623140985170084e-01,3.870160739033425001e-02,-2.769325791560515171e-01,4.985500335252679993e-01,4.663230727134644593e-01,8.996392557333882101e-01,1.602107717902634954e-01,-9.278082855167820719e-01,8.017776900272571838e-01,8.623489450096454290e-01,-4.790860290536892996e-01,-7.574965504032354913e-01,-2.314963521929242762e-01,-1.071961297774825517e-01,-6.041892535956048249e-01,7.257306308645714576e-01,-3.247513686698877966e-01,1.564864287768564788e-01,2.417167538671120275e-01,-8.992041472029022042e-01,-9.057839288216862350e-01,-4.324125626908827402e-01,5.102113953291869120e-01,-3.482795102184315650e-01,8.070470563179099610e-01,9.638678903348903981e-01,8.679846592287130402e-01,-7.074553511760607594e-02,8.831794510529783482e-01,9.506426114642183567e-01,-8.726827704169132227e-02,-1.749378087650170846e-02,8.670897364163386856e-01,7.943985679965717139e-01,-9.501656054909466409e-01,4.252573823544878590e-02,-9.622594836565379062e-01,-1.000000000000000000e+00
-3.837963542780933879e-01,8.665187936390154055e-01,-5.822855281093308744e-01,-9.354498266251540795e-01,-8.723011867351632143e-01,8.611977996130958379e-01,-9.710092608739198106e-01,9.712168214931087284e-01,-9.463351518315143984e-01,2.623667571352061856e-01,9.223279271755367992e-01,9.181512069653743335e-01,-8.689726338600408662e-01,-7.886563290316801478e-01,-4.104263997317802448e-01,4.876691798562651226e-01,6.886822951965347883e-01,-7.585222160303561889e-01,7.312429394411229522e-01,-8.552973178002156729e-01,8.061091543359170108e-01,-9.828887106394060824e-01,2.285184362523469959e-01,-6.564641729561089267e-01,-7.689859429013339298e-01,-6.345074431826857042e-01,7.337479468497751789e-01,8.537557966896092143e-01,-4.937369683654475178e-02,-5.402332683996023954e-01,7.420980915137879996e-02,-9.971389177296211548e-01,2.698803234825908337e-01,-4.132501929072637803e-01,9.777427026505298713e-01,-7.940555313046718799e-01,8.616947665466822004e-01,6.395597752848848350e-01,-7.936502241280956049e-01,7.431919320855956412e-01,9.437804786675301205e-01,-7.623326479364299635e-01,-9.691913639225173682e-01,8.970371665015544060e-01,9.831296335102206463e-01,-7.215124112952381319e-01,-5.990122653379305051e-01,-9.749097975558875806e-01,-1.000000000000000000e+00
-7.398604073174693818e-01,8.227466738876175745e-01,-3.033569100238795585e-02,7.148505251813545014e-01,4.792794084086563489e-01,9.271936091237886757e-01,-6.346679119777236533e-01,9.802018052315019103e-01,5.696924475046306613e-01,-4.709319754610207243e-01,9.247583816568056836e-01,-8.393970364188473310e-01,-1.921322232884280917e-02,2.208970619198235008e-01,-7.886795361136754723e-01,6.792140961077126615e-01,3.171842629854758067e-01,-5.222526423583544464e-01,9.034604840908019296e-01,-1.286023777453515760e-01,6.857060666542836858e-01,9.903443354779356556e-02,-5.628756823244812635e-01,5.553723569470848664e-01,-6.431149957577488863e-01,8.146794725848949259e-01,-3.637666834444646669e-01,6.165892544776455653e-01,5.965426604664925136e-01,-4.501960665072480827e-01,-4.052679173149644209e-01,-9.363950287049450649e-01,2.475175018869990307e-01,-2.590815576140213516e-01,9.418661996176128648e-01,8.198685784782673135e-04,9.519860942860313147e-01,-1.359179760951995664e-01,-1.998076864346590709e-01,-2.649312131397477555e-04,7.017656608793252371e-01,-3.250659162873328900e-01,-9.102220488308269131e-01,-5.089754448449880231e-01,9.309925241393470774e-01,4.887985186083581568e-01,-5.611911402658295023e-01,-6.439746102730548039e-01,-1.000000000000000000e+00
6.693803208723827503e-01,-1.942356685053063525e-01,-6.303545851822675017e-01,7.075352009658294472e-01,4.011327017251704041e-01,-1.722417449836070313e-01,-8.083469225322544860e-01,8.861803198711422080e-01,7.712053175581908837e-01,-4.527246439491074415e-01,2.802965572413129713e-02,-7.005221802997821379e-02,8.086217856026276518e-01,8.174232961644882778e-01,-6.740435021124908666e-01,1.744349268882176562e-01,3.111894058430953458e-01,-6.087994948348611768e-01,3.982597094361004508e-01,-5.951061036570678975e-02,2.357323327339556907e-01,-2.280209868727325895e-01,1.655983997603976618e-02,7.127770741963290746e-01,-9.055514696816648890e-01,1.218960176116746646e-01,-1.275224583457279792e-01,-6.280927410644208120e-01,3.279828539784399033e-01,8.591290952108983359e-02,-3.961467458881316461e-01,7.512419676322222573e-02,-7.818452948121209500e-01,-7.799179069231690908e-01,3.994907694805645559e-01,-5.270754669731340936e-02,8.580193819160825131e-01,-4.661698200221794930e-01,7.050763245805514723e-01,9.352210626687992856e-02,3.337729684241247385e-01,6.959345384269302048e-01,-9.371169130908817424e-01,-9.685801469115925544e-01,1.156379045089526575e-01,-5.585700987074397883e-01,-6.153009821498076626e-01,1.504124071946588148e-01,-1.000000000000000000e+00
-7.958070392649594371e-01,9.060764428674105142e-01,6.249671835588951341e-01,7.836332285589221458e-01,3.184301393783060541e-01,9.658520506024788066e-01,7.656636891465068429e-01,8.838395315194562674e-01,9.852430112629937398e-01,-9.801447013660252727e-01,6.619304996638916139e-01,-9.974267887016535772e-01,8.575479964939707322e-01,9.599746703018352534e-01,-9.584615589096233679e-01,8.860287326579951994e-01,-4.993093275488625915e-01,-9.117439623089219625e-01,9.980851337902518772e-01,-9.228800778856575127e-01,-6.358195906665928820e-01,8.012568246545462847e-01,3.336816154235151544e-01,7.707605915511374084e-01,-8.889986007407713053e-01,9.829220497701262049e-01,-6.022898983861785238e-01,9.356723809539462255e-01,8.155999778745115503e-01,-4.244427553423151256e-01,-3.186921330285893417e-01,5.136461575797292012e-01,-4.323735510930394321e-01,-7.792068476407089106e-01,9.868961150629603774e-01,-9.853458783465813831e-01,5.112297724198383575e-01,-6.533949996691198470e-01,3.704036542456143333e-01,-8.383358608865126849e-01,-8.504449591998916036e-01,-2.996155739105457738e-01,-9.915906978061231891e-01,-9.918563243557856346e-01,5.348775913530193771e-01,9.288640308242094301e-01,-9.015214413082797140e-01,5.230954592245675716e-01,1.000000000000000000e+00
5.660029925857074096e-01,-9.869981840319609345e-01,-9.562929813862595108e-01,-4.365720334818370962e-01,-8.417019117457579247e-01,-8.819983440284937526e-01,-9.034893956075162880e-01,-7.986609726594943170e-01,-3.146224474698139373e-01,-3.208753524301936610e-01,-7.036645863539577883e-01,9.865270829888650450e-01,8.692401186797259482e-01,2.117911427124692936e-01,5.297585751751807681e-01,-1.022537039561113997e-01,9.487641598134676224e-01,-6.459966463183128282e-02,-9.748020940836362724e-01,3.634253761368497204e-01,-7.654876733198006100e-01,-9.279500970149537897e-01,7.225385668917874149e-01,-8.913802275594231439e-01,-4.865617958835358192e-01,-9.519716448634205630e-01,8.013874067089669095e-01,-3.494586777291774915e-01,3.522805886580984147e-01,8.628325579612071694e-01,-9.084151578622637890e-01,7.039323172619091906e-01,-8.410910314645075880e-01,-5.845786021953912615e-01,-6.753965215645775233e-01,-4.778596834230244284e-01,-3.671362446293779391e-01,8.941949485735499747e-01,4.798050245965134186e-01,8.538911242283020453e-01,9.651707496029738875e-01,6.799816403593410552e-01,-7.634311845318445533e-01,1.963878577006906434e-01,-8.018570997434052439e-01,-9.898933425947964437e-01,3.689602444522059599e-02,-4.722191861872790386e-02,-1.000000000000000000e+00
5.282940472809650734e-01,4.147137838813644284e-02,-7.509427159029110621e-01,5.091614872333107833e-01,-6.235099774428126684e-01,2.716721159545164577e-01,-6.367401472749455449e-01,8.657145725103672085e-01,8.013693823290928275e-01,-2.351420295535112601e-02,8.380837788064656735e-01,-2.735003503175059136e-01,4.241285114732689654e-01,-8.725314531250491501e-02,-6.069407855826350895e-01,-4.721334985357287795e-01,8.428106868949848396e-01,-5.351314253253067754e-01,7.524909990568348084e-01,7.425192494227383921e-01,-8.728038002274781659e-01,-6.745665138164885777e-01,7.415347705330644912e-01,-6.852154865915980331e-01,-1.469794877261640376e-01,-1.690467394102024290e-01,-6.774285321810538107e-01,5.699264742456238153e-01,6.176220318621841177e-01,1.401534866822962411e-01,-8.468543273110015757e-02,-4.857087472640339576e-01,7.835317364431426679e-01,-4.570927650736453796e-01,4.832149012433908930e-01,-2.901946416034678622e-01,2.373155099629204179e-01,-5.964054220559475983e-01,2.958090372475537522e-01,4.568398002158748361e-01,9.959688690536692146e-01,6.828326510686567596e-01,-6.743999089492072052e-01,-5.797132611614548292e-01,7.133983403354842157e-01,1.890128533649982623e-01,-1.995804164441614820e-02,4.952790137102880963e-01,1.000000000000000000e+00
-7.715939499831684367e-01,5.301056237762655776e-01,1.010146797040739758e-01,1.741358717505140652e-01,8.029320888515811827e-01,9.665746817313035644e-01,-1.543101358010226243e-01,6.330189602760044609e-01,7.236836774367702008e-01,-7.736794052929516496e-01,7.679240319478878307e-01,-7.620432977837496846e-01,8.093644401861774806e-01,8.913017726791391260e-01,-2.321603602917841347e-01,6.325806702985851127e-01,6.674348511056586997e-01,-7.366163258888547283e-01,7.827440727337467985e-01,6.966546280564859250e-01,-6.307449121409200998e-01,8.642824649640412638e-01,-5.874062354811279696e-02,7.337096103816097281e-02,1.031093894195535543e-01,7.517635579644200705e-01,-2.686035014136430379e-02,7.882575542003488200e-01,5.673616602011496424e-01,-1.117595566796764361e-01,-8.115394754657622167e-01,5.481603487413868603e-01,-1.692278374214264969e-02,5.608278040533938302e-01,-1.670757067988473676e-01,-7.725106255011495726e-01,7.681366830710434357e-01,-6.313351657134531891e-02,5.868253639939584598e-01,3.016252244476600453e-01,6.050353872199216720e-01,9.558448185939238950e-02,1.216479832370222502e-01,-5.388352983516286887e-01,7.441474360783657538e-01,1.363374638431568697e-01,-4.908457669236830356e-01,-7.020548690160920424e-01,1.000000000000000000e+00
-8.765374262606280276e-01,-2.259139522917550935e-01,-3.197712820871290162e-01,9.921270413940089794e-01,3.547719717058805955e-01,3.719766270843885558e-01,-2.863068763262278660e-01,9.543421490902223026e-01,9.262259221443388535e-01,-8.019337982907560614e-01,6.925536868513519906e-01,-9.661590290254858937e-01,5.032033166605711649e-01,1.194848423774671486e-01,-9.216391522431833794e-01,8.705510429507740122e-01,3.260582041849187374e-02,3.361729182910143665e-01,5.450859501840681354e-01,-6.437843090835648763e-01,9.027889174148999718e-01,4.984248837235475543e-02,-8.582806643889506759e-01,8.368785531235554132e-01,-8.922014196994072499e-01,9.249520217091131702e-01,-5.417657406405230747e-01,-5.597080604200665305e-02,8.638896498975678906e-01,1.873560888180268724e-01,-7.823828384206505948e-01,-9.022111346577287305e-01,-5.629405996669802903e-01,-8.468832002547829196e-01,9.893675639000185651e-01,7.560073300081986414e-01,9.529971630629486823e-01,5.089001221280217147e-01,-3.509347966584167033e-01,-5.493900285427693042e-01,5.926604900448368546e-02,-2.787179926376541772e-01,-9.951505365536938985e-01,-8.866503161111810583e-01,2.608291112657289967e-01,4.087699060477340551e-01,-5.276676128246964304e-01,4.851926103004874369e-01,-1.000000000000000000e+00
-8.070142506050503872e-01,8.333183161823911611e-01,1.202849881932068904e-01,-6.593893368644121455e-01,8.265676668194327226e-01,9.937280210572178030e-01,-4.861059677920104849e-01,7.436356008438066434e-01,1.129498628605072608e-01,-3.332529090929304827e-01,9.542881113188869113e-01,-3.189083748431281728e-01,4.821470301700228611e-01,7.332883086017006891e-01,3.391137515904726896e-01,3.108438463533403917e-01,8.899949919079737093e-01,-8.038548998499320808e-01,7.941675889238359876e-01,9.594421416994204366e-01,-8.203232574453204196e-01,8.640237076826654539e-01,1.476808431175223313e-01,-6.194082037445012290e-01,8.012854292791506960e-01,4.965256019031591417e-01,1.600683051989766278e-02,9.295835655152597798e-01,3.736154849757279406e-01,-3.737918847565355751e-01,-7.550842303521523302e-01,8.186268440253575973e-02,7.920273176094023704e-01,9.288037055955892241e-01,-7.339926229920005207e-01,-7.692338443846412632e-01,7.879689125662686644e-01,-1.862281768146403782e-01,4.884372857922267830e-01,7.588340542966177660e-01,9.733725826468997422e-01,1.070564215153230886e-02,9.236217530542787379e-01,6.279441485064878314e-01,9.659092214187983139e-01,1.606757328150347219e-01,-1.654878698379790569e-01,-9.466485903563338633e-01,1.000000000000000000e+00
-9.511581360661183204e-01,7.162537664267626392e-01,3.340563431587611487e-01,5.552535792021576766e-01,8.740239232963561422e-01,9.912489492535740965e-01,1.382558402525421171e-01,7.735562131736274383e-01,7.866899656008904396e-01,-7.686202826641468366e-01,9.382109319997474772e-01,-9.371899833598400509e-01,6.753291149056828147e-01,7.778978052321020575e-01,-2.909828080810401563e-01,7.392087069977441027e-01,7.343589366876540625e-01,-5.800072078678502052e-01,8.551660991289131708e-01,8.600866508816709111e-01,-5.592332737881694493e-01,9.395677706027228959e-01,-4.250170299391595741e-01,-4.555804615841089339e-02,5.754227681578970577e-01,9.083546869487191255e-01,-3.355751029655281714e-01,9.145368271518661274e-01,7.330183372553449317e-01,-2.119711934545559784e-01,-8.635490899673777809e-01,7.532324378805690945e-02,5.901040058147196676e-01,7.968388125313944359e-01,1.192798051716177643e-01,-5.450356289506385066e-01,8.527624424092574706e-01,7.237977342024483340e-02,3.091377921650918514e-01,2.679423327525407017e-01,8.340242380809068656e-01,-2.300584684493922893e-01,4.640884144517982701e-01,-1.354724883398525370e-02,8.966755855353231164e-01,6.206577817503198258e-01,-3.083556385966312319e-01,-7.635595794827879645e-01,1.000000000000000000e+00
-8.716937936692004119e-01,9.756532841484620855e-01,5.242393385169562547e-01,6.622515353495282975e-01,7.917671936698815749e-01,9.960579584853965773e-01,1.632140218431593626e-01,9.836228759482226192e-01,9.028617358665641524e-01,-5.746216706615457914e-01,9.895828998014807310e-01,-9.886503964031192471e-01,1.491647387491991938e-01,5.723401211728267324e-01,-7.788930964468826490e-01,4.874180556014586774e-01,5.302471389134605362e-01,-7.863160584905494188e-01,9.939170611144274581e-01,8.173317570212779160e-01,-6.109316275029826881e-01,8.881097421319280594e-01,-1.365020381588203657e-01,1.501876064514648945e-01,4.382421450501096105e-01,9.582300629221861543e-01,-8.340230705611414441e-01,9.570609242534769967e-01,7.329289043602397191e-01,-6.843260743888112119e-01,-2.332367151363872182e-01,-7.497407866313045011e-01,9.381367064086014729e-01,6.461806282323095951e-01,7.936331256562439984e-01,-5.787529028384660323e-01,8.957646166446423530e-01,-7.960044438472224648e-01,1.182765533923756801e-01,-5.633911212269548940e-02,9.522481140655624232e-01,-1.695375161408881060e-01,8.891300768824973721e-02,-4.710992359019723907e-01,9.858727091631946937e-01,9.564693380755611152e-01,-4.078534292417768659e-01,-5.783642176971791615e-01,1.000000000000000000e+00
3.294852110553672664e-01,2.515253651545709679e-01,-6.064126635089002182e-01,-1.736582090439030002e-01,-2.590685174987704398e-02,3.972798687382907423e-01,-9.055140261585850059e-01,9.010779024966419914e-01,-7.933710750818016855e-02,-2.235210461209940769e-01,4.639349917070923479e-01,5.925826106210904110e-01,3.526466099300553658e-01,4.721470386518780149e-01,-4.617179527481365953e-01,3.081629288436623093e-01,5.245348688053482755e-01,-6.786021241211591670e-01,3.858826356682339420e-01,-3.080800167954609869e-01,4.636814699057273392e-01,-6.737472365304089106e-01,6.064175702149526143e-02,2.693470414455834683e-01,-8.385057818141785635e-01,-2.485512805823487936e-01,3.641242786540710985e-01,-6.569446146284993460e-02,1.422202783949405580e-01,-1.224102734911797635e-01,-3.667498449449445586e-01,-7.058387547885270896e-01,-5.948678749540190491e-01,-5.679508135456258211e-01,6.255043037778906800e-01,-4.192631293226470879e-01,8.636291076521328547e-01,2.165708329012789798e-02,2.872733245937884594e-01,4.654374536253338412e-01,6.548897234759325503e-01,2.253228867385441148e-01,-9.136062184518323193e-01,-6.212914762055109508e-01,7.009790131909899857e-01,-7.142435177485157993e-01,-5.976616683085629322e-01,-6.892490303681559904e-01,-1.000000000000000000e+00
-7.541524166897809467e-01,9.923092175695399364e-01,8.339774245651961904e-01,-9.959772999657008352e-01,8.600683264872731604e-01,9.996561881640321223e-01,1.979718318582703029e-01,3.264163466916441547e-01,-1.319314942027150633e-02,-9.346745517172891926e-01,8.225644897515858034e-01,-5.918646036734519500e-01,8.306008431197607900e-01,9.951279085753331755e-01,2.240035504228478358e-01,7.410686508864137156e-01,4.600043820980894704e-01,-9.956390989330523578e-01,9.971781030134948542e-01,5.770503053241654579e-02,-9.748237518663881440e-01,9.665017383966748588e-01,8.575427556957089248e-01,-3.531181619504529245e-01,3.234317363956746294e-01,7.637668663072824105e-01,7.143546910277767115e-01,9.942121960272288783e-01,-1.488763437833447723e-01,-7.867338813881710191e-01,-4.952230921260407648e-01,9.550876540787212043e-01,-4.575329064522701966e-02,9.229292136634522636e-01,-6.796005484928643314e-01,-9.998069986019255673e-01,2.797584595825454712e-01,-6.625004266304498346e-01,8.282243762389729369e-01,4.386142231051527451e-01,-5.747726677232497527e-01,-4.255887557570972590e-01,8.292103933897144730e-01,-4.491892218582318463e-01,9.722655428702415836e-01,3.717346059309428741e-01,-9.010012974806024255e-01,-9.895313310570981180e-01,1.000000000000000000e+00
-9.399095957278718050e-01,-9.655224930512573689e-01,-8.154002780588058830e-01,4.618251723630550920e-01,-8.393586787947664440e-01,-2.144095995463664583e-01,-5.483216625573901215e-01,-6.570328310547723927e-01,-1.520718253356262428e-01,-8.580856484168548626e-01,-1.813382159273548289e-01,6.047611613729420021e-01,6.402249135117569212e-01,-3.354582074883659115e-01,-9.075270994078876718e-02,8.842363958224005449e-01,8.616357847972280215e-01,4.299796219815396059e-01,-9.105745082741988350e-01,-7.491510692736194077e-01,2.485342660780282265e-01,-8.424584455213880441e-01,-2.352808242153492380e-01,-7.805742553006210782e-01,-5.736171249779026260e-01,-2.820831709191194414e-01,8.104449211596221891e-01,6.403892931535299926e-01,8.017331307813641006e-01,8.230233432317519693e-01,-9.722650264384875562e-01,-4.294426838207763275e-01,-8.367236293746793674e-01,-6.235324727778875920e-01,8.981504171686979232e-01,-4.674666172366372385e-01,1.357407446046420552e-01,9.893873434794501209e-01,-6.058917769366274353e-01,4.870347477827268734e-01,6.785472862690281604e-01,-5.988311571100179975e-01,-9.831158340314093413e-01,7.276694672688738263e-01,-6.334893783862235450e-01,-9.356741859186935573e-01,-2.224615202662258706e-01,-3.126909145487876684e-01,-1.000000000000000000e+00
-8.972754610968629585e-01,7.785157525759938135e-01,4.733602281190051886e-01,-3.565627186814320781e-01,7.817355268101232602e-01,9.878745379046737218e-01,1.228320187585033169e-01,5.224089713008115421e-01,6.362868106014379910e-01,-9.270875273603540467e-01,6.625532375997462697e-01,-8.524417554401271246e-01,8.258008555714998478e-01,9.549237282391898063e-01,-3.826759601497017327e-01,8.659880680729309388e-01,3.646109954403301545e-01,-8.805338577818454526e-01,9.306447925080978401e-01,-2.071291398148511764e-01,-5.187281199070008508e-01,8.906525024663675127e-01,-1.520519697589527673e-02,2.954801941144494792e-01,-3.134758016634407451e-01,8.681378845629100782e-01,3.815065259100879347e-01,9.154892394030297309e-01,5.296444607651181746e-01,-2.905089343763296306e-01,-8.228226274275326491e-01,6.548896051359454074e-01,-5.203638591052489604e-01,4.455403747735031117e-01,4.183578084798982855e-01,-9.696490643118387265e-01,7.301049614124480724e-01,1.645420215354206073e-01,5.027611492170573904e-01,1.504147251995221340e-02,-5.152429444888384502e-01,-3.980597117927485717e-01,-4.817168237081411175e-01,-6.564406165064724519e-01,7.453057277428486449e-01,1.886291087174750136e-01,-7.747828128132949743e-01,-8.455817686145190581e-01,1.000000000000000000e+00
-6.650539523685542465e-01,-2.443975393219895431e-01,-5.162495355792070528e-01,8.083432634414806639e-01,2.344141337733989527e-01,7.526024332333416389e-01,-3.260004879454536098e-01,7.036203235311074833e-01,8.163230015443122545e-01,-4.877940909443386208e-01,8.393132461168312242e-01,-6.998167784337722130e-01,6.452793074047625810e-01,2.394885090613050327e-01,-4.077659659630896716e-01,3.019378799561848181e-01,8.402581942991279584e-01,-1.512617466207806516e-01,3.519159953864749446e-01,8.352924676646619195e-01,-6.295144878073887229e-01,3.245266181216769907e-01,-2.804109667662983696e-02,-4.353433249794887994e-01,2.360829222887777523e-01,5.179125228557068805e-01,-4.877085261122629523e-01,6.398201462630375147e-01,7.611164333887847633e-01,2.913993200341869483e-01,-7.861314045421252672e-01,-2.240392624131706256e-01,5.547796316488676771e-01,1.543206146286510982e-01,3.070703165588632433e-01,1.228009696580889820e-01,6.471591802714429242e-01,1.545696192749813624e-01,2.104326229794122316e-01,3.914341732250311567e-01,9.772707903886048708e-01,3.233096480932625694e-01,-3.359150376059035215e-01,-2.036030206781968277e-01,6.023368658476295767e-01,1.417826724992571064e-01,1.619531409569763963e-02,3.231628769884606345e-02,1.000000000000000000e+00
6.710040224914147755e-01,9.058793793742327960e-01,2.559936568826374007e-02,-4.939988234008838019e-01,7.400659059438972065e-01,9.325294364630583033e-01,-5.822868977383355293e-01,9.257938412679188600e-01,7.733670231087281799e-01,-4.826431123557018421e-01,7.210649949602232489e-01,-5.372532435239470994e-01,7.878944810123199582e-01,9.566470906486176373e-01,-5.181498235804825603e-01,-1.290599593335640116e-01,3.923881552851620214e-01,-9.529516530295647492e-01,9.750162165525706470e-01,6.010581172995657084e-01,-8.236306791926996107e-01,6.631412164585697155e-01,6.744036602547578418e-01,4.305187883213329458e-01,-5.234246819749982516e-01,4.556288877337608678e-01,-3.467269733539805054e-01,5.256411265015089596e-01,5.658716814578340637e-02,-5.619009459948332008e-01,1.133671737434446131e-01,6.324441788637238382e-01,6.338998336560497382e-02,8.698385569801687922e-02,-3.918160296395560849e-01,-9.232213881493867014e-01,7.456941438888119444e-01,-9.223934338157870894e-01,8.636989046614433896e-01,2.487367482645087557e-01,6.374359865677303727e-01,6.922848799740383141e-01,-4.030423055360549817e-02,-9.564222327807582191e-01,8.796120680883473542e-01,3.159390509902835209e-01,-7.116452439957886567e-01,-5.565651819096838482e-01,1.000000000000000000e+00
-8.485015840140470722e-01,8.472842477455332366e-01,2.094184641063161212e-01,-6.434945369211650945e-01,7.304833748117782743e-01,9.742163716226476255e-01,-8.324442782608330038e-01,9.141672143798166283e-01,-5.957455292335898100e-01,-6.741778261245410242e-01,7.307238412073376876e-01,1.207907535528413984e-01,1.500412358045302708e-01,7.610482635044082400e-01,-3.054928598020220654e-01,8.860047495691879549e-01,2.370901008609564153e-01,-8.037446144699741390e-01,7.165608608410186653e-01,-6.690906584866557205e-01,8.706100824351005185e-01,2.669648082868548156e-01,-6.441649044043585848e-01,6.238263661098115698e-01,-7.664360147294808634e-01,5.834998476082656760e-01,7.642101216684120679e-01,6.501526852645889143e-01,9.375951895378320522e-02,-5.223603017754916422e-01,-7.245948848948157162e-01,-8.137140760787329175e-01,-7.673399336690599482e-01,2.067012357324721494e-01,7.867742792510590277e-01,-7.964590846408412528e-01,9.662073272086866282e-01,5.743055032203093768e-01,-2.287759186428544103e-02,3.754474536175190780e-01,-5.992503500764460034e-01,-6.871993705791870077e-01,-8.350946990507647216e-01,7.937864500634845416e-03,9.230216060409206502e-01,-5.860795337415092288e-01,-8.017248090412042449e-01,-9.804393983236630028e-01,-1.000000000000000000e+00
8.437359084644899809e-01,2.425786637794823675e-01,-4.287672553928063013e-01,-1.863852849223350885e-02,-3.929413498778722147e-01,-1.235109385271813687e-01,-4.523458957319832496e-01,7.122348661536509473e-01,8.916315347277119496e-01,-8.778254437078056860e-01,-5.219747277619375403e-01,-4.450850665957507557e-01,9.113483873091866583e-01,9.600338427202007585e-01,-8.564831247215903831e-01,3.205556745984923239e-01,-1.952469679026868354e-01,-9.307086999539142536e-01,9.464295216577137682e-01,-9.181523892462881697e-01,-6.526571353506200879e-01,-4.944359636869961605e-01,8.136648958263242859e-01,6.456948987329340639e-01,-9.764983849745082489e-01,2.283180099796594531e-01,6.030429553146758603e-02,2.532668251039328633e-02,2.881137148269200532e-01,-2.660236458049198768e-02,5.789901573730349416e-02,7.895749509971877744e-01,-9.141500180282879917e-01,-9.459019690116758916e-01,8.161085434783589276e-01,-9.763727646870518084e-01,2.072375131763492806e-01,-7.138563738978873641e-01,7.879407913244027561e-01,-4.137592513198847244e-01,-6.837366797499501159e-01,6.435056240259233729e-01,-9.933937113934659946e-01,-9.961351548777381826e-01,-2.991818479555505839e-01,-3.262243331265593516e-01,-8.849249763693941562e-01,5.666472224437864025e-01,1.000000000000000000e+00
9.383872148739941244e-01,-3.946970571641402747e-01,-8.945621696678639490e-01,-9.398747490915780878e-01,-6.079163977600777757e-01,-1.175545967809342590e-01,-9.587848968527554749e-01,3.245080473752248729e-01,-5.438756416575570851e-01,4.749289286071577965e-01,2.448003876230318010e-01,9.875267862904826277e-01,6.054029853162820052e-01,4.636350212349192867e-01,5.262209535974580188e-01,-7.609215654275468532e-01,9.402041794792750373e-01,-8.379063538023172608e-01,-3.519616433839755643e-01,8.520226970801225708e-01,-9.247218052393406662e-01,-8.741238089542190393e-01,9.184927843294411476e-01,-8.794928636696003332e-01,-1.280920862843408226e-01,-9.581025871393460402e-01,5.137641149078849834e-01,6.316727915803785343e-02,-2.791606430792521465e-01,2.444945187991921787e-01,-2.137048852384355047e-01,4.071050466799205902e-01,7.055194976503272042e-02,4.343560213327542913e-02,-9.055339784479937704e-01,-8.072618406024562043e-01,-6.534549297388460819e-03,-3.542100532592685758e-01,7.534247403052837244e-01,9.150052968298801881e-01,9.945624019396325233e-01,8.386100097539135323e-01,3.706078358971258702e-01,1.707936496217836442e-02,6.002553455156978135e-01,-9.424401591272443257e-01,-1.010141694251441569e-01,-6.888698798766135223e-01,1.000000000000000000e+00
-9.998375022822888480e-01,8.481663670053855020e-01,9.617089270600799322e-01,6.452219897482788236e-01,9.994249109979416179e-01,9.998528846548146998e-01,7.455355202918440005e-01,2.330752588693972560e-01,6.352878178066437842e-01,-9.950804841444227389e-01,6.582616886694526714e-01,-9.947378341917064715e-01,9.537483893463647444e-01,9.973717804492354677e-01,-2.852893446221718698e-02,9.985525322429326112e-01,-2.953026011722466038e-01,-6.590106807846306536e-01,7.297328506771304513e-01,-2.227835698742638981e-01,9.327538487115818455e-01,9.998064986535323273e-01,-9.918290811817453978e-01,9.750992004932025337e-01,-3.394936867287032950e-02,9.984365104252296286e-01,8.472860556733178283e-01,9.206370856447395612e-01,7.391793927602491321e-01,-4.073378302212400381e-01,-9.967267297430567607e-01,8.695591368539884458e-01,-9.742410916255022091e-01,9.593548522768283737e-01,2.367455070594245703e-01,-8.703242636296659729e-01,9.943743465787480140e-01,9.425338900850500634e-01,4.814306083330896491e-01,-4.411889891906309868e-01,-9.993472648813267467e-01,-9.471325297477569682e-01,2.526140158603427111e-01,-3.824369509796024524e-01,7.183484175010064199e-01,2.512569372128837797e-01,-9.001586090015840647e-01,-9.951668770470493142e-01,1.000000000000000000e+00
8.347388257447058146e-01,-3.794541417954179208e-01,-8.267645578929790906e-01,8.028731963190658405e-01,7.061830001582362071e-01,-3.228583070659556409e-01,-9.545399340078943862e-01,9.557695084407140662e-01,5.260422035622508430e-01,5.751080279167996023e-01,5.762445785015000155e-01,6.363229020940620595e-01,6.126868395313236348e-01,4.060862192963767270e-01,-2.579395037379853539e-01,-5.114981124052594419e-01,7.681063210533005670e-01,-1.947030286356878082e-01,-4.966627951533704732e-01,9.365401835716273826e-01,3.891524460822740061e-01,-2.515378274702308459e-01,-3.077368674991657338e-01,5.219455537307681192e-01,-5.802643877475345269e-01,-4.433306615793595196e-01,-4.149619956771846696e-01,-8.744233323750331133e-01,1.601784575103915864e-01,9.869746116021901883e-02,-3.842666700830095206e-01,-5.323573016924123547e-01,-1.519045696436904791e-01,-2.940332382213984297e-01,-6.323791456685533552e-01,9.116444893313496722e-01,9.524649314850837101e-01,-6.158922630069249005e-01,7.462473278816502686e-01,6.755281790628602234e-01,9.753825104382130018e-01,8.746670876408716433e-01,-2.039047371011560028e-01,-8.239221768414556335e-01,6.099537208116541098e-01,-7.147946994174089186e-01,-1.063505196887113910e-02,-1.974996114012495529e-01,-1.000000000000000000e+00
7.274164308318282757e-01,-5.700018920749608808e-01,-9.325261437688026067e-01,-7.771806699984653566e-01,-5.929490884337577095e-01,-1.720134987853325081e-01,-9.867475098152080903e-01,7.532334102774256301e-01,-8.604913090213971438e-01,8.093520095636221878e-01,7.215166702539180799e-01,9.931160508156544608e-01,-1.806176495416184080e-01,-6.511508322863935883e-01,5.772063252493402352e-01,-6.426164730910856049e-01,9.642112420602166889e-01,-2.864334081343819505e-01,-8.670814631146557261e-01,9.134695908916500295e-01,-2.016996963652470665e-01,-9.492527615785034678e-01,4.847786448789341840e-01,-8.809820426127056292e-01,9.626404553338152592e-02,-9.600701017225288236e-01,5.296984832081071959e-01,-2.084440098593373369e-01,-1.291843006079158307e-01,2.828049669071400762e-01,-4.833333663981596029e-01,-8.806033099062238190e-01,4.312264422342097503e-01,2.370998317994990334e-01,-7.047088388896792788e-01,4.774319390763982485e-01,7.112799081092279208e-01,4.192399702168641551e-01,1.505241804303744102e-01,9.508344665057387735e-01,9.988895932832546620e-01,6.067620007625174061e-01,2.708078892627869272e-01,8.680708898354730918e-01,8.394046112168987994e-01,-9.604926962296485016e-01,3.157192229181419729e-01,-8.748009167460916169e-01,1.000000000000000000e+00
-7.384865361729342492e-01,9.921707001101603973e-01,2.661069951345267359e-01,-8.406394615286855165e-01,-5.159940405774218197e-01,9.936496116046503735e-01,-7.352649290151431760e-01,9.915976968036205319e-01,-4.420623502841881103e-01,-2.430579783953856210e-01,9.883839832898433375e-01,-5.893109601022465949e-01,-8.117675386551458372e-01,-3.484857099274076275e-01,-7.665336577580543764e-01,5.505860868426293298e-01,4.486297163909982455e-01,-9.168514742330707845e-01,9.953675983737726440e-01,-6.526279833755095350e-01,1.448878029956643942e-01,-6.924158582575028476e-01,3.842970696494462102e-01,-4.401363722290945746e-01,-4.079902556584492079e-01,6.175915791763426643e-01,-9.240875313007072822e-02,9.820636484012628120e-01,3.056258040570465351e-01,-8.258398554462155206e-01,4.253334774789531147e-01,-9.920551299620844476e-01,8.802375175293759568e-01,9.392176381268964314e-02,9.857299895376494536e-01,-9.449230207565183504e-01,8.527918008744549416e-01,-4.045660604789858561e-01,-6.749499344372863474e-01,3.222773188952884338e-01,9.367321326950707183e-01,-7.713457303198439918e-01,-8.864149025522328751e-01,5.815326715659253631e-01,9.964891412680955129e-01,7.397155428793854570e-01,-6.977383794869829181e-01,-9.477082379830256142e-01,1.000000000000000000e+00
-7.302401288613460384e-01,-4.953259793257631105e-01,-7.665710735940362008e-01,7.356364649492581620e-01,-8.501830379263689563e-01,1.582594066715583767e-02,-7.789962833594715752e-01,8.481924729760141890e-01,1.106483780224323255e-01,-4.252747766647573813e-01,7.371045263001502201e-01,1.990562280558364969e-02,-2.200541916873797188e-01,-7.666455233699620564e-01,-7.218744099345564269e-01,6.554238709239278426e-01,7.099767103257759171e-01,2.060670440688839034e-01,-3.721613470064215334e-02,-7.056562859253447950e-01,6.601597600032097501e-01,-9.375715499625600913e-01,-2.520515139029586016e-01,-4.641052399253770000e-01,-7.570970252797667444e-01,2.974871300639801014e-02,1.132514853625744278e-01,5.449002752963348906e-01,7.448326874755452076e-01,3.599796294624299509e-01,-6.778613439202575419e-01,-9.745945190921595502e-01,-5.579997947615166626e-02,-8.025832380532883503e-01,9.852417493205064547e-01,2.100536398255253290e-01,7.120310891165130274e-01,8.373240049522857609e-01,-7.309486063061323424e-01,2.765314050554059655e-01,9.394459032095741069e-01,-4.619254749040170305e-01,-9.923282518913730810e-01,3.728230525192571254e-01,5.407624994008762842e-01,-4.961764919030062226e-01,-2.566457629706637156e-01,-1.088006785506718394e-01,-1.000000000000000000e+00
-9.714599679867823578e-01,-8.313448040754475299e-01,4.873692582104411919e-01,-6.538854142633129252e-01,9.497444925214619804e-01,9.153216263590581159e-01,4.082385590088001281e-01,-9.744024167208559239e-01,4.025200686496201996e-01,-9.978011887780274813e-01,-9.711632458557086789e-01,-1.765441679916926465e-01,9.967506157736643058e-01,9.994019020233330108e-01,3.686431497519832012e-01,9.930310258577178528e-01,-1.115534165607377365e-01,-8.663225696219165606e-01,-5.489811478362230934e-01,-9.546000961405785024e-01,8.735371480884607243e-02,9.813395626249166170e-01,-5.415080187004152057e-01,8.452866687956392955e-01,-9.107355052202789070e-01,8.099906107613551454e-01,9.862396022144312990e-01,4.549529995310452879e-01,3.939666683227132093e-01,6.245880342049282552e-01,-9.957718397140996602e-01,9.990032029349280585e-01,-9.996873499297465049e-01,4.504193230319998575e-02,-5.438041876003912867e-01,-9.971528693744570182e-01,5.580776127927752350e-01,9.747280291159958754e-01,8.847301045610712622e-01,-2.091981682980588453e-01,-9.998547264813482105e-01,-5.810578068965878140e-01,-8.948245256248286150e-01,-9.441795507506587359e-01,-9.496705015511571757e-01,-9.736839764633573591e-01,-9.506804511999698004e-01,-9.278072987616150513e-01,-1.000000000000000000e+00
-4.444847750779520323e-01,5.278675384104854207e-02,-3.403338167786641444e-01,7.398836287689651847e-01,5.661819132871808158e-01,6.145847458525486307e-01,-6.495371340780589087e-01,8.669927712549013732e-01,6.673381218280751703e-01,-6.731454642517397113e-01,4.547520813739725498e-01,-5.399256722677311382e-01,6.935756268198336461e-01,7.259355649809634548e-01,-6.395144576570990225e-01,6.783893872198908381e-01,3.412137986349733088e-01,-4.563094536519436972e-01,4.520264516591150361e-01,-1.908031408219886538e-01,5.488349814681906524e-01,2.082073285240083615e-01,-4.737775381260807550e-01,6.564423028882396816e-01,-8.015703292296820770e-01,6.073431504978070716e-01,4.742950706033768199e-02,-3.228861880732382394e-02,5.356002350274474688e-01,2.233590205941552581e-02,-7.143736194739065404e-01,-3.604941061991838169e-01,-6.933134628798185428e-01,-5.049707701601851007e-01,7.220004285387189302e-01,-9.774992303913521141e-02,9.082125733563267689e-01,1.687623123308878148e-01,3.554712265002205052e-01,4.022274319440708595e-02,1.064900604643045368e-01,1.240447826490050920e-01,-9.222578257415110503e-01,-8.378057602704032103e-01,4.404796034184413900e-01,-3.388383578436939270e-01,-6.052711997909724362e-01,-3.797344996756417124e-01,-1.000000000000000000e+00
-9.718611985440337442e-01,-8.404269193504069202e-01,-6.526333530986597742e-01,-8.353585632656939097e-01,-7.281681779556810064e-01,6.619752103334393123e-01,-8.211892994894933739e-01,-6.679423267973340073e-01,-9.221342176261296819e-01,-8.424670587911903263e-01,-9.957771717522630184e-02,9.439230019597466548e-01,3.078679807734217566e-01,-1.019502826960159009e-01,4.467178361288519084e-01,9.464013108886438763e-01,8.503487082493489391e-01,-1.239739344756277534e-01,-9.058040807819550677e-01,-8.940253274673737316e-01,6.824447143692827789e-01,-8.429607470530117164e-01,-3.563595747604565434e-01,-7.978341858369005779e-01,-5.711351792205607847e-01,-5.474127863860542842e-01,9.737227933429909443e-01,8.326796631513854186e-01,4.776896101171374531e-01,6.244446671540164751e-01,-9.761513280611049392e-01,-6.685807298851570435e-01,-9.274225520290592106e-01,-7.346278252362568872e-02,8.320086838212249480e-01,-8.865969456498147272e-01,4.890855372631878195e-01,9.956918739963778187e-01,-6.890177137020184750e-01,7.498177510223693609e-01,2.152242064007169053e-02,-8.769541629554735707e-01,-9.565571859959323131e-01,9.565592883996376639e-01,2.405666849151156736e-02,-9.820386107136660492e-01,-5.274340023429773261e-01,-9.676409411784322456e-01,-1.000000000000000000e+00
4.389067907643892652e-01,-5.946194154152609768e-01,-8.040124738767029378e-01,-9.953713163263089303e-01,-9.718674716096119548e-01,8.927988961574635784e-02,-8.407935943118550748e-01,-8.146796634752329069e-01,-8.497162246134056796e-01,-7.900630050307387853e-01,-6.436411285613120592e-01,9.897397030757087988e-01,6.815743836929211152e-01,6.620296666652253359e-01,3.706584461773515526e-01,3.794462194247166242e-01,8.463288536605191315e-01,-9.324058390884719660e-01,-1.733336699847401810e-02,-9.354972463235902147e-01,-9.210794799178647629e-01,-9.740560840919533225e-01,9.674040379130645073e-01,-9.508770406697043542e-01,-7.899090737179452759e-01,-9.468339690795494201e-01,9.601703119885515170e-01,8.889348423682728040e-01,-1.062109644069975933e-01,4.798094772943495845e-01,-6.430517752103839246e-01,6.799460858182073686e-01,-8.860242535546880571e-01,-6.444173630369425254e-01,3.098368299460280695e-01,-9.987910154842335464e-01,-8.142264002943963019e-01,8.520387453508264652e-01,1.927857803873047338e-01,7.842569293838106415e-01,5.378528798636147412e-01,-1.654810134487793294e-01,-9.510034457522280604e-01,3.610406097817850934e-01,-1.793435272766250588e-01,-9.815743263791443241e-01,-7.451299339571273439e-01,-8.310574160495606266e-01,1.000000000000000000e+00
3.106817769212797398e-01,4.476189061336801611e-01,-5.013410659327998120e-01,-8.646529738712220858e-01,-9.469992236156639098e-01,6.698830957180783585e-01,-1.480028974388493679e-01,1.897216669946387435e-01,5.856252428591742776e-01,-8.350160599279624618e-01,4.345939252736554237e-01,-9.681618700671040800e-02,6.174827060150477331e-01,6.086662172120170800e-01,-6.481232691808865853e-01,1.365350543978932629e-01,6.789872438702441171e-01,-9.356839667116368942e-01,9.692766376205862455e-01,-8.116088030615868920e-01,-9.776146549093753801e-01,-8.545855687910575149e-01,9.690153276615149913e-01,-8.793283107797376097e-01,-6.405001443055783339e-01,-2.518632424804410630e-01,1.580500728948597555e-01,9.640282126088827175e-01,5.101644247640391150e-01,6.315675332018641508e-02,-8.462888967256755601e-03,4.228628439890672608e-01,1.784882503059836978e-01,-7.291311266704505467e-01,8.718718438100668822e-01,-9.970657628736412370e-01,-7.714759914394834217e-01,-2.337800521500977835e-01,1.732463263496748784e-01,1.812404191558491806e-01,8.851336671236539333e-01,1.054382755170652081e-01,-9.613123221911384908e-01,-6.691111085404234382e-01,4.820633797662378650e-01,-3.785297937298987697e-02,-6.964445712690585655e-01,1.827835163168210209e-01,1.000000000000000000e+00
-1.272033867548379993e-01,-5.807457470119926739e-03,-6.023233264579550550e-01,9.918073036028056677e-01,-5.386921720245365502e-02,-4.136501631488547631e-02,-4.566818318321455017e-01,9.821493126292168974e-01,9.660413677899907237e-01,-3.810294265860399987e-01,8.458366513954689303e-01,-9.552678335550425226e-01,3.874743873776581582e-01,-1.971161438000562927e-01,-9.361256401021326168e-01,2.658424839374898818e-01,3.329051477989119490e-01,1.476171069005051406e-01,7.988812390895282389e-01,1.358614176118535244e-01,4.539996384448841682e-01,-3.836687165654869558e-01,-4.384236681924634227e-01,6.312876323715990168e-01,-8.076677058818041433e-01,8.090462115119452235e-01,-8.777922791507249967e-01,-1.789565308138332256e-01,8.357874055716543182e-01,8.517365902824754198e-02,-2.482994791297445381e-01,-9.068503553570524955e-01,3.894046787915011465e-01,-8.710851068077252179e-01,9.720177587791678508e-01,8.312103048316185072e-01,8.956490947757461685e-01,-4.993838196876202451e-01,-5.797805710473803026e-02,-3.968337949112374918e-01,9.369609175367861198e-01,4.735474975375454365e-01,-9.854356735158787961e-01,-9.406553166322834114e-01,5.394145197963668981e-01,6.928475226516374041e-01,-2.514075543673217616e-01,8.387743412413475319e-01,-1.000000000000000000e+00
7.002824885092108209e-01,-8.680428403060025389e-01,-9.390275560288412482e-01,-2.821622356648536556e-01,-8.037279746392548274e-01,-6.574505632688515400e-01,-9.434157697011479327e-01,3.245800217212194139e-01,-3.061319245446955661e-01,3.666104842129194741e-01,2.826849327437415682e-01,9.651273234653758859e-01,4.397018676330363141e-01,-4.090357619541497569e-01,2.195195986579887015e-01,-4.935175786602040704e-01,9.434959511497882367e-01,-1.724682418088800961e-01,-8.264965546683636921e-01,7.202534443653930696e-01,-6.308627184063274607e-01,-9.441237350774784876e-01,6.717158678248876802e-01,-8.661609957159612794e-01,-2.788648322109313349e-01,-9.196036255008366300e-01,3.508569174817606218e-01,-1.664863384222709519e-01,2.914301856607023344e-01,6.035403040035691724e-01,-6.187596926010817677e-01,-4.583211853255856338e-01,1.169515872035439136e-02,-4.347263201650460318e-01,-3.437969093791700126e-01,9.472411112027250002e-02,2.019049506280260198e-01,5.040570167202993446e-01,2.475590581344354613e-01,8.591742628037984941e-01,9.961952145740402553e-01,6.852390048385545995e-01,-5.976892025306212997e-01,3.776395042250604295e-01,1.878413457325670277e-01,-9.378413445635516155e-01,1.862149277057963126e-01,-2.068933004024940403e-01,-1.000000000000000000e+00
-7.077911524974721535e-01,-8.659865687414908253e-01,-7.679441453198380119e-01,9.682470262120043136e-01,4.424372371694801909e-01,-3.877297227583509365e-01,-8.736438796920756866e-01,8.398092301398476511e-01,3.851842007893149789e-01,-3.773299537700235962e-01,2.649661246878762810e-01,8.966684320341039571e-02,5.306999298882947302e-01,-1.244820259409546853e-01,-5.235963737252092853e-01,7.618220416791438021e-01,5.972946800672563894e-01,6.251393077761420169e-01,-8.841440554138123575e-01,-2.426383176889806894e-03,9.551994093741678071e-01,-4.271492000785320209e-01,-9.004746187137926405e-01,6.715604554716345653e-01,-8.325047782638032023e-01,2.940602200874185002e-01,2.364904402342785372e-01,-7.543225322870242833e-01,6.818921948553029466e-01,5.351260425334927184e-01,-9.153350449027474189e-01,-8.775986810301659169e-01,-8.401700934884310801e-01,-6.793166093582876375e-01,8.214166919668118849e-01,9.421516393162330250e-01,9.679322224514147477e-01,8.643057883898451754e-01,-1.573916141329079199e-01,2.871187945342152381e-01,5.376254074168226316e-01,1.636119810456699436e-02,-9.699347202086219255e-01,-3.964585475786363555e-01,-9.459460481642661955e-02,-8.315082404135940575e-01,-2.069548828882113167e-01,-2.553837833544341240e-01,-1.000000000000000000e+00
-5.763432762733575743e-01,9.669237910231660571e-01,8.904114635379301035e-02,-9.846404138659882177e-01,-5.505465915287798273e-01,9.945004754481412412e-01,-5.643230925672813036e-01,7.863814854607343863e-01,-5.392160213178861516e-01,-4.361269454882841790e-01,9.621707573355038345e-01,2.206723183253250509e-01,-2.416749562929378370e-01,3.855582253547316651e-01,-3.266632681252948367e-02,2.176276405769207167e-01,8.438072818214551463e-01,-9.610547698511321402e-01,9.837295862041578465e-01,1.946735037201137997e-01,-9.366122417654267895e-01,-3.451799161343009348e-01,8.855693830901036900e-01,-9.179193697789380657e-01,4.652654969874887025e-01,-3.645916389130048063e-02,3.635464334066640379e-01,9.925413738560451282e-01,1.574794282135992263e-01,-6.197997388995348800e-01,-5.296703803040687941e-02,-6.057129339025340009e-01,8.738489850312951557e-01,7.144872774184580777e-01,4.786321123263391208e-01,-9.946207591716347274e-01,7.422600732226453113e-02,-2.745591585990519445e-01,-9.548297484502778210e-02,7.258544236544927086e-01,9.775764814506777700e-01,-4.844373782185263932e-01,2.171163482395530864e-01,7.845931466763196305e-01,9.874077644722895064e-01,2.547344623956169785e-01,-5.587006470545812231e-01,-9.588483104764848886e-01,1.000000000000000000e+00
6.933377126687805259e-01,4.874667717150436563e-01,-4.339804388638950350e-01,-1.964238245879649236e-01,-3.553986144984104811e-01,5.643832814582859791e-01,-3.605662446036060342e-01,7.343497549438792182e-01,8.675377049624495296e-01,-6.871434285355275673e-01,4.151720902705340333e-01,-4.996825891650165108e-01,8.163766246723915820e-01,8.674701285016429564e-01,-6.923394293614572037e-01,-1.224405007413750107e-01,5.071972246719623767e-01,-9.056665730598930653e-01,9.513293612937223642e-01,-8.893234687476968270e-02,-9.253105917211411624e-01,-2.348173852330728284e-01,8.691884418591822037e-01,-1.902323723502797048e-01,-7.036119770478252988e-01,1.543962471186421381e-01,-3.587685645235978438e-01,6.449847299771899189e-01,4.157162247957894574e-01,-8.700050775293254046e-02,2.406269594174926391e-02,6.480754848370698928e-01,-4.686544725294509994e-02,-6.432342014625626048e-01,4.174365313703699565e-01,-9.543575846187467571e-01,1.643823545638146977e-02,-7.798141800084625874e-01,7.154868637644434815e-01,6.439552860825305258e-02,7.995103667851812812e-01,6.702557978593822741e-01,-8.541338167231352640e-01,-9.558084282546689403e-01,4.651563395795464406e-01,1.437123097355810231e-01,-6.547812795498947347e-01,3.638857193336202944e-01,1.000000000000000000e+00
-7.217687503217415923e-01,-7.002700839637883146e-01,-6.539855900075262074e-01,-6.791358496622070806e-01,9.315283018078001076e-01,8.753512676228119016e-01,-9.513586940285930771e-01,-5.311274551632395868e-02,-8.519891176345862904e-01,1.942415151935462936e-01,5.123497689113168940e-01,9.745457614376948907e-01,7.153313103883979229e-01,6.689058239429410690e-01,9.058390757242897884e-01,4.169679778106392676e-01,9.594820142846068878e-01,-1.386096580707744663e-01,-9.761418036289626343e-01,9.837491275765619658e-01,2.974082419561402402e-01,6.965312561837698757e-01,-6.886832990345082006e-01,-4.763914689605958097e-01,6.896094904507470424e-01,-6.785015840616452909e-01,8.679546693807285163e-01,-1.957379100440753972e-01,-4.958384410035848733e-02,3.824290423323852828e-01,-9.735108594469660259e-01,2.947804104356351318e-01,-5.693906985797042575e-01,9.445912279306363235e-01,-9.852131962717380897e-01,5.363687622473876093e-01,9.433279887133577679e-01,8.777023349175960831e-01,6.414723997655012999e-01,9.532344189493552333e-01,9.372948831170017092e-01,2.479546228936267693e-01,9.649651724364483041e-01,9.185004324585442914e-01,6.910547301000524723e-01,-9.793830766316234948e-01,1.806461790459462369e-01,-9.895572165295694056e-01,1.000000000000000000e+00
-9.590250367290998890e-01,-7.851286909479457954e-01,-1.876753627902834898e-01,8.812285740840837267e-01,9.648228233746969362e-01,9.333890733828666963e-01,1.080624062254470080e-01,-3.685536485725185440e-01,8.483472498612089074e-01,-8.073830227222830169e-01,5.878814863402652691e-01,-7.516061816393539985e-01,9.565107710833454790e-01,9.020171436157009559e-01,4.636559342674844153e-01,7.480555069785442823e-01,9.037573742289143341e-01,1.639852205056636369e-01,-7.454378631756378715e-01,9.835108282330344842e-01,-6.300217014071141097e-01,9.833233012384741123e-01,-7.305765380574824608e-01,-8.112545023884258633e-02,7.851988580219386726e-01,7.856840030002839592e-01,3.970845212812628561e-02,4.424320829259011933e-01,7.915358571635613405e-01,6.017513109485783662e-01,-9.872503876793566890e-01,9.189353937987339016e-01,-2.555402336022679077e-01,8.897164257335743454e-01,-9.167499919573630640e-01,4.158907353185444244e-01,8.276882687746297540e-01,7.397832523226844925e-01,7.251718380767147032e-01,5.726971634630054764e-01,8.111188298506964989e-01,3.391492617738068871e-01,8.869928780079534558e-01,3.254762028162951765e-02,-1.488937285285616384e-02,-4.371928864447165997e-01,1.495994684757753213e-01,-5.954318593726506403e-01,1.000000000000000000e+00
9.194570040616859563e-01,-8.251444260687299526e-01,-9.473025251547058101e-01,-9.406007966281352273e-01,-8.734140259595511990e-01,-9.151164783850308515e-01,-9.958288885718159511e-01,5.352079856605652664e-01,-9.656274225040820669e-01,2.487920533776455667e-01,-7.931803253900380213e-01,9.992508102141588466e-01,1.761584119487701328e-01,6.504400422887962607e-02,1.781882150161328282e-01,1.501858273551908152e-01,6.535813676237565151e-01,-6.441357224585267938e-01,-9.325105628973423544e-01,-9.362133520732963676e-01,8.936007749242249609e-01,-9.959527163912136327e-01,4.114000038033869266e-01,-1.203115315728587181e-01,-9.847871621782361418e-01,-9.838777309730057929e-01,9.660672332723088118e-01,-8.523889318192723330e-01,-5.688110775260084573e-01,3.799112791009347512e-01,-4.356631638988130439e-01,-8.280716932342940817e-01,-9.861020324673174242e-01,-9.244607221078838810e-01,4.916315452853208812e-01,-5.954105704273805477e-01,7.641704320572738629e-01,8.447947460379187090e-01,1.517342881006052968e-01,8.458607185788447058e-01,2.126238428895074195e-01,2.515551355474124895e-01,-9.926445360129357853e-01,-1.421651340499679728e-01,-1.200253161599649787e-01,-9.979552962869050470e-01,-7.087110351481240578e-01,-9.072145066136593217e-01,-1.000000000000000000e+00
1.628887976926839468e-02,4.732930459210765717e-01,-1.758885516187063958e-01,9.048524039732556146e-01,8.061796031200213486e-01,7.490564021263712569e-01,-3.509890026096191273e-01,9.409551270745952767e-01,9.469372773208736271e-01,-6.019074814361383696e-01,7.132842602106570506e-01,-9.148139006525333183e-01,8.195849741529698251e-01,8.636209012872892998e-01,-7.645301183338744089e-01,2.943726400762747275e-01,3.239272309150578177e-01,-6.119694591759641256e-01,8.694090725519152407e-01,6.340951541734035635e-01,-2.243546284342592123e-01,7.381111495382275400e-01,-2.110141775402529785e-01,7.396764949915868304e-01,-6.172643825405235152e-01,8.149824997956862660e-01,-6.840153712447049061e-01,-2.058820956945586408e-02,6.145749625547658468e-01,-1.663163466811119484e-01,-4.532558661904768083e-01,1.803709029906928607e-01,-8.901289322222992462e-02,-3.445242706079748030e-01,3.789058431634285129e-01,5.045936545996705658e-02,8.948326245501635468e-01,-7.411243337776836082e-01,7.102867175572310510e-01,-1.530041231549918168e-01,6.278804705624487781e-01,6.335310756487000372e-01,-6.991309161441511266e-01,-9.669025219106412994e-01,6.071461632828533128e-01,5.016920485567309962e-01,-5.125424616093298136e-01,2.555940798415992643e-01,1.000000000000000000e+00
2.208557584762256831e-01,-9.591466387898076595e-01,-8.549619604870097866e-01,7.835366177809228727e-01,7.322726060612265719e-01,-7.482803793349604993e-01,-9.424133299060346580e-01,2.696955495939004077e-01,7.195611790109258943e-02,-3.506816306287954821e-01,-6.930509851565365143e-01,8.975450681028391831e-01,9.053594907248438961e-01,7.741552185068140135e-01,1.610693062334497550e-01,5.390533345911040497e-01,6.863699059427220694e-01,2.368557821674280028e-01,-9.772591659806153519e-01,3.916663594280976324e-01,8.551135802604377112e-01,-1.701240931901359388e-01,-7.461658352404769712e-01,7.054171916914278029e-01,-8.703735233166067786e-01,-5.340258606962143828e-01,7.245254607099681499e-01,-9.436678714418224034e-01,2.438942816752218967e-01,6.786226151060833489e-01,-9.407499605034900236e-01,3.706328209327957590e-01,-9.791292576604878617e-01,-5.630392508972792420e-01,-5.999136240151918820e-01,8.211205367152553114e-01,9.411008108920245752e-01,8.055696603680780887e-01,7.079278121565327764e-01,6.203847949592348199e-01,-3.667398342987175652e-02,6.428964300442634450e-01,-8.335118604903932749e-01,-7.721127772128852929e-01,-6.978659999848181306e-01,-9.825889543656960434e-01,-3.416299865393546686e-01,-5.029526874566341288e-01,-1.000000000000000000e+00
-7.599101758222731595e-01,9.466417971007533572e-01,2.389497459322099671e-01,1.747044537059217195e-01,9.676191020381480490e-02,9.826343778858498412e-01,-1.755223696893999097e-01,9.674854936869616839e-01,7.197955656276320280e-01,-6.425344241486059538e-01,9.650691181563354482e-01,-9.344834002023089115e-01,-9.770193379482780202e-03,3.714278431543824310e-01,-7.998528147603974903e-01,5.610974629840224104e-01,4.482015920022773270e-01,-8.202190656618895126e-01,9.888642911625444842e-01,-4.670215343670865854e-02,-4.398672488946709924e-01,2.474814387365081858e-01,2.255181502265856675e-01,-8.731509383837952887e-02,-2.402856086498016408e-01,8.557531415982208012e-01,-5.475632554560113663e-01,9.496541549955134220e-01,6.476771467373590996e-01,-5.798048602408667485e-01,-1.184041150056125424e-01,-8.403371041459438695e-01,7.792245761365919066e-01,3.528194080416521133e-02,9.394283184698911660e-01,-8.495748425761877609e-01,7.759153429893118625e-01,-5.248932559144976473e-01,-1.679059884959002436e-01,-3.594269124352426903e-02,8.859175172910708218e-01,-3.670604669804806708e-01,-7.959582904417856764e-01,-4.121308040871860534e-01,9.668092463437519823e-01,8.320162602856077116e-01,-5.897088447844226478e-01,-5.736496476523718080e-01,1.000000000000000000e+00
-8.521348600248929150e-01,-3.436814521763688068e-01,-6.556991379121787089e-01,5.808248059502694183e-01,1.304029773113328794e-01,5.911202028414481724e-01,-9.185433970712865159e-01,8.887591778261481057e-01,-5.407410392970536384e-01,-9.267242616281992640e-02,7.860345210760772972e-01,5.579022131575794852e-01,-1.912293511725819961e-01,-5.334681649747978760e-01,-2.258138067347945088e-01,7.445278276997263633e-01,7.635926968561336237e-01,2.802426515246926875e-01,-6.834696804653790370e-01,5.243584687585716581e-02,9.276333285682791807e-01,-6.481574879930103172e-01,-8.127045794752629781e-01,2.859962229809885972e-02,-5.381109676395893215e-01,2.673260282797385382e-02,5.154805379003418730e-01,7.380833332675391933e-02,5.201061233870926115e-01,1.758071396623624161e-01,-8.619668883417668237e-01,-9.728460850719741204e-01,-3.817369606759149492e-01,-1.179892221696323962e-01,8.408763149500946277e-01,7.463730367967754686e-01,9.598484791375576641e-01,8.878868069242613625e-01,-5.393611230508550403e-01,6.337881687577392453e-01,8.711400521979820732e-01,-4.950519503945747801e-01,-8.874622742305432466e-01,7.297964712279504385e-01,7.808546547121379966e-01,-7.981424222150692582e-01,-1.857870677264770454e-01,-8.788552277364179988e-01,-1.000000000000000000e+00
-4.385614176085669280e-01,5.903252017178687305e-01,-1.058746659399794204e-01,-1.991764171975364817e-01,7.755408730352413293e-01,8.999437445865949847e-01,-7.971086409486994873e-01,8.694471132308794203e-01,4.166370406061732645e-02,-5.744019573454175465e-01,5.641137170039068893e-01,4.494712294381954243e-02,6.062240556600900776e-01,8.508961822780122253e-01,-2.859429335244717540e-01,6.773216262057552006e-01,4.085536161015105305e-01,-7.588933705412596042e-01,5.606815196199245177e-01,-4.026112522418831378e-03,5.361109503973917612e-01,4.374225161033490350e-01,-4.029254026960619739e-01,6.030632337112188379e-01,-6.951489690492200779e-01,4.326284763421860413e-01,4.817701542244441915e-01,2.273494753587234352e-01,1.672678224902931776e-01,-2.965698222641524051e-01,-6.879583064238989909e-01,-2.749938368674236799e-01,-7.063540774935286315e-01,8.286527288966710758e-02,2.494931460962738767e-01,-5.916065899675020390e-01,9.368485156663618474e-01,9.989738324711409934e-02,4.920413153760849756e-01,3.861271685424018663e-01,-8.776356294924457513e-02,-3.645255972845654058e-02,-6.447283645729214863e-01,-6.176896711277531926e-01,7.875499117369436641e-01,-5.647297046630883610e-01,-6.899909106448033347e-01,-8.957297527946298521e-01,1.000000000000000000e+00
8.548352784771500179e-01,7.745570940973202090e-01,-2.865200970979231432e-01,-9.590205949004750874e-01,9.023568744600167779e-01,8.877466531937867611e-01,-9.525748302452019534e-01,8.099929963711808290e-01,-5.308404847661467585e-01,-4.359283338282390094e-04,1.865403672579963867e-01,9.328789817896881997e-01,8.060196969961125335e-01,9.776369167469454169e-01,4.640268654633199485e-01,-1.771470745120584112e-01,6.120432638297879091e-01,-9.624886998003072680e-01,5.199038759354814854e-01,7.451054999338808660e-01,-3.728264469446509466e-01,5.243693363138278718e-01,4.841701699716072782e-01,4.793868308821446211e-01,-5.950860074892364571e-01,-6.056590836895252572e-01,7.213935827718095384e-01,-2.928033739363368193e-01,-6.341399752903528197e-01,-5.115632014772615310e-01,-2.954568868772868839e-01,7.583987611036007159e-01,-7.826369326643816127e-01,5.559107435648046325e-01,-9.576844793052328164e-01,-8.981795161348800072e-01,9.034236184351043253e-01,-7.418789767866609264e-01,9.331338559111397313e-01,8.070390976937444893e-01,2.210843904682643080e-01,7.269024667131283035e-01,6.964073904743148802e-01,-8.105936089027434566e-01,8.583297188079591633e-01,-8.941309795992616882e-01,-7.320414461876628698e-01,-9.720359226069325009e-01,1.000000000000000000e+00
-6.280766628421188269e-01,-8.499386465450484707e-01,-8.522086097779383307e-01,-1.834186669253555779e-01,-9.939280986584121402e-01,-7.778999474031906836e-01,-7.779978004452928753e-01,1.084704225289356422e-01,-4.733964611728302407e-01,-8.934258300395141461e-01,-5.143717007592748525e-01,7.495161452511946987e-01,-4.372724826770630832e-03,-6.515276444872869499e-01,-8.274106499061550934e-01,9.001825063459932830e-01,3.403219349977423258e-01,-2.174081343775911557e-01,-1.639933205274753669e-01,-9.987885361230358638e-01,7.489523190285700682e-01,-9.971946009643738451e-01,4.421456556106157509e-01,-5.987850147565445535e-01,-9.872726383051669830e-01,-5.511619356797101688e-01,8.734295202328262731e-01,6.727019446605265740e-01,6.762117640013775022e-01,6.354761086099088851e-01,-7.033090311281908757e-01,-9.456581281580740406e-01,-9.520305007661138408e-01,-9.883866168346100434e-01,9.991450801539882853e-01,-9.392340042620392904e-01,-1.545370351863202263e-01,9.792369376335082753e-01,-8.641719160989468351e-01,-8.402138249711786633e-02,-2.655415165096836616e-01,-8.018501126185018091e-01,-9.999528710300971124e-01,-3.238581533401957424e-02,-5.627896661840315895e-01,-9.288651372623778490e-01,-7.863704862795189987e-01,6.581088622339560656e-02,-1.000000000000000000e+00
-9.868663640363604106e-01,2.720409461865945233e-01,3.528160792463232165e-02,9.983944786048318809e-01,7.945638027961801075e-01,9.056038403321103880e-01,5.154117467990156770e-02,9.851091385206081075e-01,9.549296438945674703e-01,-7.007619619942824229e-01,9.687384755917864965e-01,-9.957993276324331733e-01,1.163961175152662120e-01,-4.046677214356999563e-01,-9.163193577050769978e-01,9.015062855472187886e-01,3.287055441132866740e-01,6.820922071792460128e-01,6.749914582549471076e-01,4.050606932709539532e-01,9.288530248873286821e-01,7.435357173534744568e-01,-9.646660305029192140e-01,7.996877328568617882e-01,-3.510501286928474074e-01,9.847932637600974592e-01,-8.413015536875636524e-01,4.653956671801830480e-01,9.354457591494552693e-01,-7.220568339028772195e-03,-8.694541476275647884e-01,-9.785333398424006512e-01,5.353410270203723398e-01,-2.827825084092566721e-01,9.894523245688012780e-01,9.625669434595114371e-01,9.852349040560365312e-01,5.256072823372244240e-01,-6.316988526483633404e-01,-4.985532252580915369e-01,8.032187637564444094e-01,-5.413391019834489226e-01,-9.575482169352758088e-01,-4.445460907016894336e-01,8.220789462707555062e-01,8.753589575003092316e-01,-1.215367120432525455e-01,2.358809606027505168e-01,-1.000000000000000000e+00
7.089284197085526928e-01,8.802509153957482901e-01,-4.083756527524849966e-01,-9.440581227481364968e-01,6.881662921776081632e-01,9.382841194028641585e-01,-9.582078768076675024e-01,9.343391804387115585e-01,-6.593494333070806235e-01,4.938335598615567479e-01,8.498915031516434127e-01,9.054573495195848976e-01,2.170836413655864439e-01,7.551803916631080194e-01,3.766733924988444615e-01,-4.241112659678517027e-01,8.187497530010759972e-01,-9.258424290297628811e-01,6.826120409959692825e-01,8.930372622145900108e-01,-4.610850919753888832e-01,-1.455385480044321840e-02,5.219984589315015411e-01,-2.508729937336092175e-01,-2.139719219500870948e-02,-6.296181839099268540e-01,4.008511004178872961e-01,3.484070446074374883e-01,-4.595132788663584544e-01,-5.904781571994262013e-01,-3.173156849846049676e-02,-3.683799278638487107e-01,3.256680389421049426e-01,7.053288760897442611e-01,-8.557525787484439039e-01,-7.292771267450252060e-01,8.917943374445111981e-01,-7.215261114360124184e-01,7.417170412217323205e-01,8.711752823907756849e-01,9.619182002998217795e-01,5.648779771303901187e-01,7.857076204833497446e-01,2.501063553542956855e-02,9.727076150043951763e-01,-6.965521306844468796e-01,-4.374020066970631948e-01,-9.714323316967076183e-01,1.000000000000000000e+00
4.763841040718577169e-01,1.735473079741461089e-01,-3.301267159402354046e-01,-7.176777278837189744e-01,3.949335863792134416e-01,7.871297184679124648e-01,-4.214299250798674290e-01,5.921604535096283706e-02,6.675394652251951388e-01,-7.624506846942026295e-01,2.117201374175955997e-02,1.618447387942147375e-01,9.317470650089000328e-01,9.671624618471160728e-01,-3.013649444586238846e-02,9.371415494146528857e-02,6.899491075569973431e-01,-9.226469396411456358e-01,7.572824676924144738e-01,4.687995565757538396e-01,-9.445501832064076009e-01,5.260793914698089768e-01,8.140298659236152590e-01,-2.627637746300427457e-01,-3.807532888923889636e-01,-7.493533382925160469e-02,3.133543007107825185e-01,5.970914584656549229e-01,1.902274052943883909e-01,7.224089192133814619e-02,-5.953410144619943889e-01,9.507191389791347369e-01,-5.612314255313488598e-01,7.571265755129380493e-02,-7.392492265361045867e-01,-9.733842071079450431e-01,8.474263250815844417e-02,-5.041986187515434814e-01,8.739626708790025900e-01,4.568212761490658136e-01,5.115158829335206825e-01,6.719374530519903743e-01,-4.955667720601943105e-02,-8.925319812700108768e-01,2.449288268252899636e-01,-5.523691046791818771e-01,-6.438825448541545260e-01,-4.412657071927850172e-01,1.000000000000000000e+00
2.865314093222903064e-02,8.110340298058964503e-01,-3.596806438894213365e-01,5.313790165590450698e-01,5.905069206526507575e-01,9.320290103813406724e-01,-6.822144407008819966e-01,9.739337581357138118e-01,7.415564524076831976e-01,3.098224873794659939e-01,9.731468265430242015e-01,-6.682066932423907923e-01,1.738949689094974604e-01,1.678360419396825176e-01,-4.445107843998767350e-01,-4.024838423385042052e-01,8.380912451170351440e-01,-6.147139661440348402e-01,8.884210762718010024e-01,9.684609397642912620e-01,-7.010354091066499649e-01,4.145608982365314721e-01,2.083740225770974452e-01,-3.135971284982298490e-01,4.891280382834366502e-01,4.558193636318141340e-01,-7.894935243152977344e-01,6.495962865089414118e-01,5.114999208563905109e-01,-4.040356429300943075e-01,-1.142280109783257863e-01,-7.255656596925795787e-01,9.321516525892274974e-01,5.531014937398899267e-01,-1.290111419167018769e-01,2.955222885954711942e-01,8.610558007341688747e-01,-8.168804064453366598e-01,4.335224036981975004e-01,5.800938185356222521e-01,9.967728500821270154e-01,6.001091078586274774e-01,5.666168669107038980e-01,-2.630934457232184109e-01,9.668052787209869825e-01,6.457831357299186337e-01,6.372804083105942929e-02,-4.247525423253761256e-01,1.000000000000000000e+00
1.355016191995601638e-01,8.273560728651951912e-01,-1.998308843834555037e-01,2.824806955307427869e-01,8.432832238349329268e-01,8.542114194464714982e-01,-9.191069716312167959e-01,9.864589991833088156e-01,1.106012746084997223e-01,4.046676312956513921e-03,8.046217287188350831e-01,-3.954498233565412885e-02,2.194882595851626317e-01,6.956427867064802761e-01,-5.599623905971358173e-01,3.897857027924578888e-01,2.525718870502313140e-01,-7.205678344808206237e-01,7.328079514369100211e-01,2.896594046270514755e-01,8.401768920199446100e-01,1.943051619342253122e-01,-5.988992095502373436e-01,8.292040944634446742e-01,-8.019695002292046571e-01,4.440699983539224127e-01,6.131234205625105647e-03,-3.290324509011361420e-01,2.818471774629215110e-02,-5.652487158676174905e-01,-2.356288785185685075e-01,-8.525433606657493169e-01,-4.211423008308277649e-01,-1.330982385902824972e-01,4.709255656559400705e-01,2.665139102747582367e-01,9.834346439689664043e-01,-5.366941490097342227e-01,4.742889003916285762e-01,3.620678200514273470e-01,4.176284742469166256e-01,2.345644931438938541e-01,-7.041504419263394654e-01,-7.814887785064759118e-01,9.294811354111292001e-01,-2.887740658205254496e-01,-6.444202043223936638e-01,-8.727482453156204523e-01,1.000000000000000000e+00
-9.281246133907607998e-01,2.550349854152494933e-01,1.998231731114367415e-01,6.369521514126463835e-02,5.601665314196710987e-01,9.356348001756401578e-01,-1.308637875191771271e-01,3.692557871444427375e-01,4.551893753980350565e-01,-9.455450434307197671e-01,2.316584814555125715e-01,-7.036725501142180317e-01,8.060194550515471512e-01,9.086944590064696126e-01,-5.002013428819631624e-01,9.373649284768312828e-01,2.057175075901246930e-01,-7.112296412926458755e-01,6.776821541053104081e-01,-8.046049576427700689e-01,3.477813389408845324e-01,6.258495188797192910e-01,-4.189977342235212121e-01,5.016595556533741673e-01,-7.658180445627217336e-01,8.133816331851457804e-01,6.647476611694582704e-01,7.767410332663132744e-01,5.944114805742206631e-01,2.830193897023791302e-02,-9.005853406458523835e-01,3.058024277201915053e-01,-8.894707542529209920e-01,-2.016899789767209461e-01,8.323421976275924283e-01,-9.268898646268112218e-01,7.945025264387246544e-01,7.522162260434145375e-01,1.773815027853709037e-01,-1.137293273579873948e-01,-8.421970171618459178e-01,-5.983375742760219662e-01,-9.403872750609025832e-01,-6.415387384335445864e-01,3.101906436582410609e-01,-4.116059397415696153e-01,-8.068711972278618250e-01,-7.927308587242536397e-01,-1.000000000000000000e+00
-3.690028400782401352e-01,-7.256522064251438309e-01,-9.045642301278703501e-01,-5.480140728975629871e-01,-8.886135734438744826e-01,-4.014573786573409908e-01,-9.826348006909292332e-01,7.385446298152952282e-01,-9.389057125420254835e-01,2.324155729659431457e-01,4.081994822781414012e-01,9.858662302018289525e-01,-5.465651759288819855e-01,-8.510854442735513725e-01,-5.055552354796241481e-03,5.569171622004107647e-01,8.469100376893777815e-01,1.219756153841735080e-01,-8.982911425012067852e-01,-7.541171786029950974e-01,9.189510084538552448e-01,-9.904720313669385101e-01,-3.012203867661820689e-01,-6.620621747833397297e-01,-8.316542582290863406e-01,-8.830870153674883483e-01,8.719412873973069189e-01,-2.262404352388027937e-02,1.881207209954127157e-01,3.943556743926572850e-01,-7.456124138557532754e-01,-9.892115755767779683e-01,-6.878415088565551505e-01,-6.918777870305002908e-01,9.184075041176698040e-01,2.595633912693026124e-01,8.365191000545425526e-01,9.592255034436357741e-01,-7.395018808208971839e-01,8.254201031635790553e-01,9.353517536164810409e-01,-5.362208095703365762e-01,-9.831145766536740771e-01,9.051544203370552877e-01,6.221140145964451085e-01,-9.778110476416782548e-01,-2.572783005207092133e-01,-9.071158692269228885e-01,-1.000000000000000000e+00
-7.161564906984728696e-01,-1.552964108532994547e-01,-7.275328296724210553e-01,-7.599018834516995113e-01,-2.277973562639682981e-01,9.043301506807017720e-01,-8.855028176738916068e-01,4.349681212750486914e-01,-7.473490635730954956e-01,3.537127515555043011e-01,9.297734612991704894e-01,8.970033997750048727e-01,-1.098650942561535393e-01,-5.453094412812833358e-01,6.573172901345459840e-01,-1.857159143411643912e-02,9.750677450259670476e-01,-2.710732754514635912e-01,-5.885376795695570484e-01,9.547835619789257766e-01,-6.662065820179718934e-01,-4.899597612333923546e-01,2.636618185111138102e-01,-9.501522182409661843e-01,8.243029466331629473e-01,-6.893500331762666411e-01,4.636930211502256483e-01,8.596569774868803027e-01,3.724177426825415194e-01,2.225201468764215207e-01,-8.371569770120246279e-01,-7.762106838914596407e-01,8.239104160044318226e-01,8.531826643282468536e-01,-6.157484583177366133e-01,-1.577745149035373329e-01,5.817842973926219408e-01,7.460477821724078584e-01,-1.958613274584762032e-01,9.323006669452689188e-01,9.987241823529955376e-01,-7.145402687607507741e-02,8.066088880181818688e-01,9.770383151577475278e-01,9.275279535679471499e-01,-7.831382082361046937e-01,3.844600681767816330e-01,-9.427771595986611519e-01,-1.000000000000000000e+00
-4.562406830521824053e-01,-1.246997403002294974e-01,-4.237507892533184384e-01,-5.950333552460291830e-01,5.370840029059280596e-01,7.142305354076684543e-01,-8.840378945706703906e-01,5.119961203532937821e-01,-5.342114163132470894e-01,-6.269017420586661116e-01,-3.817749372155668751e-03,7.922434097457033975e-01,6.723341305519677791e-01,8.189052634146087861e-01,9.186459258244021597e-02,7.570546451281463529e-01,5.612622586953419646e-01,-6.762629880598973742e-01,-3.495997306037976760e-01,-4.076010290848188777e-01,6.492571406349191276e-01,-9.460092558005739338e-02,-3.584479071936054750e-01,3.543633948842901948e-01,-7.824686619846175084e-01,-1.798570429905810564e-01,8.437180388380070006e-01,2.676680071560914170e-02,4.964381077020522254e-02,6.440862431904455232e-02,-8.486011823660752906e-01,-8.613052187890997413e-02,-9.197892832915016692e-01,-7.567209249809113414e-02,8.617510168199447873e-02,-6.978082198768355005e-01,8.923079003109635199e-01,7.256825791328811448e-01,4.054945977956581626e-01,5.904825956827720601e-01,-3.587050784521874092e-01,-1.725532122435045890e-01,-7.869197743601982209e-01,-2.468859771000135594e-01,4.465382489503011421e-01,-9.228153657672115706e-01,-6.902044771327272565e-01,-9.349631814990616574e-01,-1.000000000000000000e+00
-6.525860760972406194e-01,-2.763172476296397728e-01,-6.304277102021020873e-01,-7.989094489769973384e-01,-7.788141085405261288e-01,6.482738935836552807e-01,-7.789602032021682998e-01,1.315887009066324942e-01,-6.023439343544267910e-01,-6.675673692411084881e-01,3.750481975885128216e-01,7.960384551034956901e-01,2.792271430557446976e-01,8.919872620271589170e-02,-6.016272950045264967e-02,6.816002859078841292e-01,7.971708704508730925e-01,-6.305853319050476191e-01,6.444803470367361196e-03,-7.138664786536671469e-01,-2.024118865771003251e-01,-8.498488002027106969e-01,4.634877863541329024e-01,-7.677762179194063119e-01,-5.787537207257458238e-01,-4.878179979086688656e-01,8.003255711811100293e-01,8.356838973987177344e-01,3.928814686163749625e-01,2.828803252971947568e-01,-7.817738323336774764e-01,-5.793138857646720208e-01,-5.511354542204786044e-01,-3.340379634874457437e-01,7.901483321149556094e-01,-9.269446731613043555e-01,2.567163165007765868e-01,8.684388951359611752e-01,-3.283520251123471789e-01,6.332789074255722461e-01,7.563448929315121916e-01,-4.967818458191712305e-01,-9.287200195339008202e-01,6.171068662206224964e-01,5.166627081480715811e-01,-8.612716943873540698e-01,-5.340031744869441210e-01,-8.322839861128921157e-01,-1.000000000000000000e+00
-9.797800733811194707e-02,2.652407276440371664e-01,3.519983169187009819e-01,5.004013113286005510e-01,9.932684542319658583e-01,9.310020347927903117e-01,-9.722950935893655278e-02,3.882885423431852723e-01,9.364330162394635115e-01,-9.034343628291251482e-01,-2.787825162412904678e-01,-8.138448563026439153e-01,9.895924091154382207e-01,9.982946594767440063e-01,-9.313638275207615502e-02,6.575530874917224766e-01,1.645495464648237538e-01,-8.831094743574292583e-01,6.369137713601223938e-01,8.222075079951025600e-01,-5.542910786903112452e-01,9.936339158023815843e-01,-3.609532053206828128e-01,9.289621243255976601e-01,-5.435700626351525067e-01,8.569623567760515925e-01,1.467271760561245642e-01,-3.795587832535798345e-01,2.428952467711665564e-01,-8.058266363924525277e-02,-8.857328116447165112e-01,9.932790657490085939e-01,-9.373765349514369127e-01,5.128734948695659046e-01,-9.471899867648347904e-01,-7.747439407969191061e-01,9.162859686775978174e-01,-6.780269231605903224e-01,9.751088868024476719e-01,-4.364300180626330510e-03,-9.022622900566031889e-01,7.710238873927408587e-01,5.545354881153874427e-01,-9.925009748253335040e-01,-8.827510621428777404e-02,-3.405172437287061205e-01,-7.763356733426314271e-01,-6.023169836037881586e-01,1.000000000000000000e+00
6.698309248642305702e-01,3.033201086909737554e-01,-6.811159665547704689e-01,-5.328982893459062176e-01,-9.541873857015789051e-01,2.049553456341048248e-03,-5.726353852157880508e-01,7.263709311505147648e-01,6.003718577635310805e-01,-6.934651944888955422e-01,3.215211760365509486e-01,3.980803980713700646e-02,4.249229162026261220e-01,3.123541154300704115e-01,-8.236725321320197413e-01,4.654397822185223077e-02,4.752701387426071511e-01,-8.791433439306992614e-01,9.473614982066294044e-01,-9.074657528268458284e-01,-8.426968778369140489e-01,-9.536163108069258820e-01,9.289678759243400474e-01,-6.296351740296666222e-01,-9.029679181714054259e-01,-3.409854232549446862e-01,-1.231768753383286237e-02,8.063187576113807209e-01,4.669702864677842125e-01,3.819447842657036629e-02,2.743832655124112674e-01,-3.759364788226595699e-01,-1.521052607605316298e-01,-9.256300159209309708e-01,9.606078976530173508e-01,-9.798119701049731178e-01,-4.159924598034148713e-01,-3.427684498668768232e-01,4.034207755986852356e-02,1.643353353757282323e-02,8.446196011783502211e-01,2.476394816180322866e-01,-9.938210800175067972e-01,-8.625260422124971793e-01,4.040869853105268361e-01,-1.816564997253996006e-01,-7.159744721666729816e-01,4.649135063235541598e-01,-1.000000000000000000e+00
-8.816397736771175442e-01,-9.607678438340461202e-01,-7.794792510712857947e-01,9.312021043135302323e-01,-8.015852535957987968e-01,-5.912468500559923124e-01,-2.255855780054276949e-01,-2.581165738921284425e-01,7.406200074893067864e-01,-9.180171086743613706e-01,-3.395017201268750173e-01,-4.229055458504202281e-01,7.869354376925140615e-01,-5.061382764568975179e-02,-7.028400033164916572e-01,8.872998419380534463e-01,6.190799611633860389e-01,4.651878742606846417e-01,-6.954337248415541906e-01,-8.864033744782416901e-01,3.924038785973421595e-01,-7.798810406376222026e-01,-3.323323842001890682e-01,-2.394208974210053908e-01,-8.669071233557799072e-01,3.449843908788696178e-01,4.324080218815317678e-01,3.061358694955710891e-01,8.768811935597492502e-01,8.090736855687499229e-01,-9.467106968697106550e-01,-3.199511409952641716e-01,-8.885205375897781144e-01,-9.085680348600612133e-01,9.750198064941991705e-01,-2.051245840064727932e-01,2.687617727788005340e-01,9.625434175057546726e-01,-4.727127545170945466e-01,-1.517317297804954834e-01,2.144925598907097830e-01,-3.659370928184970673e-01,-9.976335933179727444e-01,-4.663016265339452460e-01,-8.111596438091147609e-01,-7.712019120629078905e-01,-4.150920171909402989e-01,6.206738646637776080e-01,-1.000000000000000000e+00
9.947374201733525378e-01,2.156365763593072193e-01,-8.922774015415805282e-01,-9.927845791757832217e-01,-8.549213386973754103e-01,-7.884530691814675141e-01,-9.950439345293984328e-01,8.279017586898551606e-01,-9.252594134398044456e-01,2.892451964974652179e-01,-7.616505383640157500e-01,9.987640984322105897e-01,3.464528609811414750e-01,7.823751872526397699e-01,-1.255527210353348244e-01,-4.774102649324469816e-01,3.387118596975862150e-01,-9.692803827418211560e-01,1.831502661368058227e-01,-9.485739829914402454e-01,3.088567866902586778e-01,-9.940197697776894659e-01,9.172943379344370429e-01,1.056408552374864529e-01,-9.917137308712368204e-01,-9.843209466498561433e-01,9.290890431290097506e-01,-7.543856380010778295e-01,-8.116679746070007972e-01,-2.593301881246393714e-01,5.977768130134468727e-01,-3.780867368737945711e-01,-9.741539305722773934e-01,-9.406509494639506697e-01,1.424922395523073870e-01,-9.737254413656252217e-01,5.583410238626813626e-01,-4.315907808234631937e-01,7.273500753657702322e-01,7.794297636328387791e-01,-1.733073370982931086e-02,6.857788660278058002e-01,-9.866496301850843365e-01,-9.010607153870766606e-01,4.341555210613760041e-01,-9.920747560706888457e-01,-8.811499157150075590e-01,-8.853041903181695371e-01,-1.000000000000000000e+00
-8.448212472916483140e-01,-7.116795137282577732e-01,-5.381481305702850992e-01,8.710512480329285490e-01,-4.350373183647545661e-01,4.890330705434891567e-01,2.184548807067299703e-01,7.714431548106916170e-02,9.029973426715739437e-01,-8.727374134141543394e-01,5.164063535550760253e-01,-8.438023666478112750e-01,8.113641087655980577e-01,3.418950590699488257e-01,-6.196900653273921256e-01,6.851752166856679427e-01,7.641684454870310006e-01,-4.948567470026561665e-02,3.135871761275480507e-01,3.736913861109440738e-02,-7.231212659927149788e-01,2.467499075492503649e-02,1.672420226007551580e-01,-5.333352669369885168e-01,-2.331628461853477441e-01,6.403790488051729346e-01,-2.643389104590077587e-01,7.891162516269455418e-01,8.718010751322972096e-01,5.977480686723557479e-01,-8.853320661619540344e-01,2.408863229492918812e-01,-4.958997349236733687e-02,-4.765962938359792345e-01,8.277989250256693188e-01,-5.462209835348570408e-01,9.853747649986271950e-02,6.739371712971566897e-01,-3.423532332050183147e-02,-1.019805152613603022e-02,8.719716815382089203e-01,1.109362711948537472e-02,-9.216372703760792318e-01,-4.757298080127231321e-01,-2.021047030503983211e-01,2.890753230596981860e-02,-2.242029272145961150e-01,5.629398007102587309e-01,-1.000000000000000000e+00
-8.103733017820030637e-01,4.805800132585096862e-01,-3.207988306325420536e-01,4.651134505372827022e-01,-1.188328457931036586e-01,9.165240587872978129e-01,-4.207405815691158124e-01,8.658623169945388609e-01,5.449959024171149302e-01,-4.761335461303557448e-01,9.308776576222672627e-01,-6.936697077742007833e-01,1.342123252561309432e-01,-1.111124798709431233e-01,-5.333617787523150522e-01,4.898864857414619856e-01,7.866399285841935152e-01,-4.058036973534883685e-01,7.745330089218411818e-01,4.893495540569680058e-01,-3.867557585884902616e-01,-7.836688214661768903e-02,1.235070391205220913e-02,-5.307629987451187858e-01,1.117674180943234313e-01,5.794056741058869475e-01,-3.371432640630451227e-01,8.779514648984533265e-01,7.156854831612481371e-01,-6.083717007441476199e-02,-6.381646680534477367e-01,-8.078796153324291351e-01,7.064256508537321011e-01,1.524999360443640983e-01,8.144357853062382802e-01,-3.776419472882446282e-01,7.043525615540909834e-01,2.412591051070520909e-01,-2.655188746331927363e-01,3.713778384677426936e-01,9.720561629712085594e-01,-2.266727376029649410e-01,-6.440982597276990740e-01,2.967029504711695687e-01,8.842152961843731118e-01,3.531963597256552179e-01,-1.921148140311190189e-01,-4.837689070511714817e-01,1.000000000000000000e+00
5.904190537992157761e-01,-2.850107975106380698e-01,-8.951902229751625972e-01,-9.754745622923903792e-01,-3.320781481507393273e-01,4.744828758668301338e-01,-9.919558645024483257e-01,5.926604582270456056e-01,-9.730084064289675760e-01,8.027150842115644558e-01,6.984704394496288327e-01,9.984031500211060228e-01,-2.322493876388670997e-01,-3.921762526394846349e-01,8.336942233009551062e-01,-5.061168712363574018e-01,9.704318788386800954e-01,-5.977310958758166315e-01,-8.965227743143702188e-01,9.125334179031500126e-01,-1.340289123831142348e-01,-9.171295545337436739e-01,4.820444623809087004e-01,-9.078414578629319109e-01,2.969981696928448156e-01,-9.755729823813497070e-01,8.562725824714179090e-01,8.091303263244455091e-02,-4.633189281991682007e-01,1.032650482972475442e-01,-6.208122278512286929e-01,-8.206900654786670746e-01,1.692314924704960422e-01,6.956011351659506792e-01,-9.016406833873963356e-01,-1.382747145710565562e-01,7.659718604620815441e-01,6.279585501842900319e-01,2.394639945646792889e-01,9.758661231897790556e-01,9.972178757769966095e-01,3.807192699853884643e-01,7.481720414077340786e-01,9.605833830384187255e-01,9.168963973340613638e-01,-9.851272346840815874e-01,1.574080490174100122e-01,-9.852689769927476249e-01,-1.000000000000000000e+00
-9.462654138441795038e-01,6.700084057343670407e-01,3.082920729650751035e-01,2.299294719455541591e-01,8.675933833484915647e-01,9.716855794940527646e-01,-6.063595981503470123e-01,8.700177612471851063e-01,1.111426828439897839e-03,-8.310355163359377517e-01,6.844520960788044173e-01,-6.132567617643703839e-01,4.996312341641133692e-01,8.250505484157125702e-01,-4.405863874807675051e-01,9.366614434032906056e-01,1.675239118314711673e-01,-6.035631058259074422e-01,5.925448891168640930e-01,-5.496215313879290187e-01,8.876124945491037366e-01,7.206382743461781093e-01,-8.338311357156181769e-01,7.730921593655196711e-01,-7.206165074276609239e-01,8.492225945605672566e-01,6.265242274996501992e-01,5.757020554180063421e-01,4.449774560208389351e-01,-3.258596191075553428e-01,-8.780271106825923155e-01,-6.409146477215270643e-01,-8.182492584761961174e-01,2.002425407376816624e-01,8.132881229475946716e-01,-5.450630878187421313e-01,9.720805734346507077e-01,6.976243518852655034e-01,2.101948426353937929e-02,9.638484970688540598e-02,-7.618373999754048942e-01,-6.814280300380478606e-01,-8.556540416367001134e-01,-3.023191091951087373e-01,8.156536166415871980e-01,-3.723158865271414819e-01,-7.653018517182529346e-01,-9.487310338341760074e-01,-1.000000000000000000e+00
-6.776840760961830856e-01,-9.169529772065928563e-01,-2.627890942579863554e-01,-4.525657507291063197e-01,7.700787058171124633e-01,5.896333972578335914e-01,1.022979184056138219e-01,-9.546411835909992538e-01,6.645277604980033281e-01,-9.796956851194718041e-01,-9.080931791743411807e-01,2.940407818715659038e-01,9.941164618097134698e-01,9.954927256447287931e-01,4.580123447978000639e-01,8.822797659796776104e-01,6.295166215268342969e-01,-7.752796154346004442e-01,-6.669718881560368073e-01,-2.417525093181575047e-01,-8.403899677887088915e-01,9.042615891522199911e-01,2.920596924855050625e-01,1.408904786363833761e-01,-6.063371901784642137e-01,2.130230906851387496e-01,9.053152926143138712e-01,2.908244659579753422e-01,4.506718920428227637e-01,7.339106284168528394e-01,-9.839000745574660867e-01,9.982436772620154608e-01,-9.917329246190882408e-01,8.601209523523906109e-02,-8.815331901841328976e-01,-9.830668076316347870e-01,-3.012577926150647109e-02,8.555150104778551645e-01,9.105513278849863834e-01,2.959367139896393883e-01,-9.455250016396591350e-01,3.384119651810027496e-01,-4.534408158129735744e-01,-9.014055666095491803e-01,-9.180886151253043748e-01,-9.539460324183465234e-01,-7.637459693759569568e-01,-5.630545355721362499e-01,-1.000000000000000000e+00
-8.705801948794201772e-01,-9.166276189481228354e-01,-7.202796851398197697e-01,-5.937913021711094252e-01,-6.343018188075030261e-01,6.494775665270108300e-01,-1.737097349823048809e-01,-9.096913014490046745e-01,6.232093314231595266e-02,-8.367467770982218722e-01,1.149934023946095896e-01,6.662880283968104500e-01,8.712858759870460990e-01,4.659340162033874799e-01,5.778940223457320613e-01,5.966107911356719473e-01,9.601446298092718434e-01,-2.983775998424355591e-01,-7.521971998366473455e-01,5.872340876817027100e-01,-9.543906725873674279e-01,-1.505590550166718000e-01,6.721313561905397638e-01,-9.613361568251229672e-01,5.957334518843124815e-01,-4.869117066582617781e-01,7.353299731112405979e-01,9.179677254957223642e-01,7.146822983961431675e-01,7.844982122218147058e-01,-9.689705731545921186e-01,8.515960968409402865e-01,-2.510937508338677571e-01,4.846013360223165867e-01,-5.106405463834163827e-01,-9.287264385745832573e-01,-6.096451658880210900e-01,9.433443404610701855e-01,1.545063281426512225e-01,7.768603299858887201e-01,9.579877726983936359e-01,-7.514747917631393881e-02,-1.412625891550899418e-02,8.110323603950004845e-01,-3.649562775507993462e-01,-8.855361496302749380e-01,2.347980891375596804e-02,-5.257754424850894504e-01,-1.000000000000000000e+00
-9.878288052436021704e-01,-8.090003176890298020e-01,-4.478682082626594951e-01,1.871769523790986767e-01,1.922923519132708758e-01,9.050827795770538531e-01,-3.031652222259979546e-01,-5.679254825900100778e-01,-1.874328141285450666e-01,-8.247665181817283031e-01,6.176064549648649926e-01,1.366771543978777259e-01,6.722659721893957663e-01,1.616508918669390116e-01,4.404959084315230311e-01,8.952361982784540206e-01,9.239086822968923807e-01,2.297856664099793278e-01,-8.190077925963236138e-01,5.342640104037774673e-01,-1.476192388110303677e-01,4.141430102132271918e-01,-5.578457527230018531e-01,-7.916266391596427088e-01,5.501727787742064502e-01,3.263570712161202314e-01,7.402267889397863287e-01,8.813532199558875568e-01,7.799966738556565193e-01,6.464542150900385309e-01,-9.855021259277061407e-01,-4.192373853154447716e-02,-3.478205087627119219e-01,6.909024051742266304e-01,1.789812510150329550e-01,-4.128840599256806687e-01,5.729457018842675220e-01,9.793006364941891917e-01,-3.544202076610051266e-01,6.947113050722638627e-01,8.455893823684561550e-01,-6.529790961699459828e-01,-1.866573672080581447e-01,9.248624993118440551e-01,2.316056941770371913e-01,-8.063830579284623212e-01,-6.905633547495858109e-03,-8.684602619329658824e-01,-1.000000000000000000e+00
-8.514338507762935215e-01,-2.382679069439417874e-01,-2.335273234001087606e-01,-2.330156215859767455e-01,9.776530788684920648e-01,9.188345993440897308e-01,-9.369469603441311634e-01,6.030972305898079089e-01,-7.493033036040283035e-01,-3.628390384003332136e-01,3.063505139755303142e-01,8.436592097533903711e-01,7.249201524685291442e-01,8.800967778263302232e-01,6.483420232438410480e-01,8.463239079769296902e-01,7.192544346096982899e-01,-3.002467183630140868e-01,-9.000804434112066321e-01,7.624108427950694322e-01,9.330719952085876345e-01,8.379193749545136294e-01,-9.238513854744041520e-01,7.182099110764234018e-01,-3.068693292923364568e-01,1.152258417136943353e-01,8.877788021684070996e-01,-5.055913616298207680e-01,-5.302211150278021701e-02,3.056427279869528002e-02,-9.666983674847675623e-01,-9.895160029477739760e-02,-9.320589915326310537e-01,8.030353566431700507e-01,-8.340479358946805144e-01,4.966878376135189233e-01,9.896158973345680065e-01,8.601129188120246738e-01,5.880012330445688606e-01,8.028130540345487232e-01,-3.950984394728135340e-01,-2.009065237635063728e-01,5.146302871123648037e-01,4.263965013050168285e-01,6.776979092734857213e-01,-9.595883245548800788e-01,-4.723529358650200849e-01,-9.912806198707030392e-01,-1.000000000000000000e+00
-9.138306413697162567e-01,-9.626308193992683115e-01,-7.640540147447975050e-01,6.617959441014713562e-01,-1.038966712842359225e-01,-3.048897683947179305e-01,-8.062251393883189676e-01,-3.319799610896898012e-01,-3.460251764060341406e-01,-8.247326085058659384e-01,-5.183388502970907030e-01,7.441014287466753974e-01,7.509034085020086513e-01,2.525473549757711322e-01,-1.301886229892510426e-02,9.271122333353473133e-01,7.018611567928711992e-01,4.664774988884988760e-01,-9.662791387632020390e-01,-7.497629411665122090e-01,9.012279882669189668e-01,-5.907082081404780860e-01,-7.965496334835771020e-01,1.181927023678470690e-01,-8.393116615659170776e-01,-1.397341421822971830e-01,8.897068787158322056e-01,-3.002832145206679737e-01,6.461492540586433186e-01,7.609714989793027184e-01,-9.798445455545901073e-01,-4.021839282568820950e-01,-9.753158578216212238e-01,-6.173373687373467922e-01,7.725295578658718521e-01,2.389047433360695083e-01,8.361951511940562964e-01,9.879271937714784180e-01,-2.937150009206035972e-01,4.552062460309582725e-01,-3.930105397549768509e-01,-5.139547515319001780e-01,-9.817105007058887223e-01,3.008352145403688227e-01,-6.797977572044514583e-01,-9.744935430589040104e-01,-4.438274793588512512e-01,-6.922237954866956589e-01,-1.000000000000000000e+00
1.743786225170849968e-01,-8.896907608373623155e-01,-8.229485682461090690e-01,-4.801996438409847912e-01,-1.053093120078521516e-01,-3.384486031020258467e-01,-9.014803381368486912e-01,-3.131039018475482716e-01,-3.955360914492950797e-01,-5.354191363534722692e-01,-5.782654076019043687e-01,9.508292673811362672e-01,8.496458113103528831e-01,7.317396552268966570e-01,3.507786277240511619e-01,4.536126925101209850e-01,8.111475125510586581e-01,-4.347747949528906752e-01,-8.860576585919976988e-01,-6.304255020669896625e-02,3.746214412475045753e-03,-6.190146494357618989e-01,1.756030899321360528e-01,-2.882808033050813235e-01,-7.370504274187748006e-01,-7.648921697390643759e-01,8.487449561782870466e-01,-3.910688609963806073e-01,1.473620171089753961e-01,6.104111594448068390e-01,-8.962769622187420904e-01,5.620471519415032313e-01,-9.375241829404094007e-01,-3.991454585295407531e-01,-4.898813366773943079e-01,-5.743159397021593282e-01,5.574002464464669071e-01,8.224651122492974142e-01,5.669273560424141767e-01,7.342428709295784062e-01,4.319685496632421629e-01,3.934661466153271392e-01,-7.832322611576195692e-01,-2.787512340435441827e-01,-4.538857987436300534e-01,-9.788593980587446675e-01,-4.481935104893255417e-01,-7.058166886581012101e-01,-1.000000000000000000e+00
-9.914879489958658976e-01,-9.821983644822177562e-01,-7.106785344795581993e-01,7.738372007444264122e-01,-1.817065741748211116e-01,5.610240386634686161e-01,1.002377358381608026e-02,-8.932703145656040178e-01,3.082534562411829437e-01,-8.898940567563584647e-01,2.376620272424005975e-01,3.390825299825615119e-02,8.539754479280532440e-01,-5.001101074201542290e-02,4.602008232316723291e-01,9.025362692927968444e-01,9.552874299480265119e-01,6.963579022444802424e-01,-9.675491606706865255e-01,6.236288431897382134e-01,-4.312248678248974398e-01,2.970123640837443180e-01,-5.656443806192307244e-01,-8.830981092223598727e-01,6.162655994215086031e-01,2.316352621337033901e-01,6.925150192234211799e-01,8.130338032214964317e-01,8.974680784663987554e-01,8.877414374486350956e-01,-9.949553401265072150e-01,4.435936471662326186e-01,-5.165544954619529783e-01,4.903210532659132426e-01,1.390447094674068518e-01,1.647309562996428917e-02,1.551898415050697033e-01,9.932469134332713168e-01,-3.901955771816164598e-01,6.560159741793532007e-01,9.106157234426177638e-01,-5.228314333945979220e-01,-4.621055014067397826e-01,9.183446955540498502e-01,-6.380329530358008761e-01,-8.807556948326633606e-01,2.876800242684712794e-01,-4.327292353759401022e-01,-1.000000000000000000e+00
6.448596439924039192e-01,9.818279536835663457e-01,3.850782911036093603e-01,-4.555824604623884277e-01,9.697213696873905331e-01,9.947911338570760709e-01,-3.064210741843393926e-01,9.641481725635112632e-01,9.169116285403446920e-01,-2.248601720318562161e-02,9.673198213491568387e-01,-8.727726209028351390e-01,8.228093089784189740e-01,9.755571121762456333e-01,-1.572619256135450727e-01,-6.616053196132715142e-01,7.468342895605613041e-01,-9.688953435599726438e-01,9.930531030416503979e-01,9.949711027744425618e-01,-9.825450221742735302e-01,9.793254938520306041e-01,7.388910487063372612e-01,1.197322007418759882e-01,7.453309099651881375e-01,7.242058314619057580e-01,-8.412540531262407972e-01,7.947026092607875070e-01,8.422533475676934056e-02,-7.552310012850204091e-01,2.280509297578303951e-01,8.611161672077372042e-01,9.317752384665166643e-01,9.130429531091450723e-01,-9.646321579096148735e-01,-8.441828598013527696e-01,8.069821895986731830e-01,-9.908039416101880326e-01,9.538614420155246965e-01,5.498257516963808156e-01,9.828155854415447923e-01,8.833870676829482793e-01,9.863959571832141560e-01,-9.178051277270122821e-01,9.832703363884662817e-01,8.675246023726327360e-01,-3.532662075554682812e-01,-6.926548576851530026e-01,1.000000000000000000e+00
-9.469924060006510436e-01,-9.743319987382799141e-01,-8.591565595855236159e-01,8.910819556770409600e-01,-7.451089716813700248e-01,-3.817458038835866430e-01,-6.141419709146250794e-01,-2.786268611528887607e-01,1.475102652841530360e-01,-7.102505924154903783e-01,2.344901573883391155e-01,3.479669853014688008e-01,5.091625480109401858e-01,-6.846769078503170958e-01,-2.059098156928191592e-01,8.336829681102410072e-01,8.940763781940881394e-01,7.518778897493298974e-01,-9.485711819670948897e-01,-2.579173183000886271e-01,5.323394936467259475e-01,-8.100343853487199652e-01,-5.970572183367840458e-01,-7.178607485200723115e-01,-3.783194956834971534e-01,-1.127917305062218489e-01,5.472691440395638374e-01,3.731014484812593679e-01,8.618769120685449980e-01,8.363329903898303330e-01,-9.729011964163138959e-01,-7.753537979279491177e-01,-6.072134857091180393e-01,-5.718853171495876797e-01,9.005081245402796197e-01,5.901818916917055402e-01,5.143418279251246172e-01,9.862356177193890572e-01,-6.729734008389124389e-01,5.025773345518311785e-01,9.225662010936029889e-01,-4.674352951161571124e-01,-9.730907890724862508e-01,7.736205636606107161e-01,-5.190844530445940519e-01,-8.872190253406161409e-01,1.282068058361799934e-01,-2.011222585035130767e-02,-1.000000000000000000e+00
6.351782034822209821e-01,6.563142836786883816e-01,-6.559189593557883668e-01,-9.908992356012259473e-01,-8.238619828710622706e-01,8.672603927136059987e-01,-8.663510508172639346e-01,3.733094075814616386e-01,-6.913175222404318587e-01,-9.345065167927836189e-03,7.491494855624637461e-01,9.459201477717891215e-01,1.906315627366031162e-01,3.901146153789844528e-01,3.606491467815748364e-01,-4.670188601534185358e-01,9.216569536911578542e-01,-9.487911959257672168e-01,8.019698226975415789e-01,4.327251084861125086e-01,-9.700656657725176268e-01,-8.546081651760913944e-01,9.621721960224743908e-01,-9.563961714605061504e-01,1.723550964642403260e-01,-8.724511576472921970e-01,5.934808519766997525e-01,9.367088023509662076e-01,-1.584160173293198692e-01,-1.929317464659095482e-01,-1.196790535022163732e-02,1.724053410457974597e-02,6.178644065830852794e-01,3.627629626471708391e-01,-4.551015869549788206e-01,-9.902951231615503280e-01,-4.073369984709505620e-01,-2.628047574791132490e-01,3.859749114037576145e-01,8.751330264625638566e-01,9.917709026304264430e-01,3.112298957574589076e-01,2.023711934865715933e-01,6.098825583185465415e-01,9.152108809374575049e-01,-7.371288115192617951e-01,-3.955368255700191238e-01,-8.901447182051936968e-01,1.000000000000000000e+00
-4.366118431483370643e-02,-6.918004311822521790e-02,-7.007289075281669666e-01,3.869652298162637449e-01,-2.666061953055483547e-01,3.564380048070874829e-01,-8.555615809820107387e-01,8.870150005822097228e-01,1.905925606579564613e-01,-8.420796246946800345e-02,7.288641700519047362e-01,3.263599649238817513e-01,2.080134001613992700e-01,-1.044969593752796688e-01,-4.628948909861719807e-01,1.938778448745843153e-01,7.454792096962802317e-01,-3.380409454080088860e-01,1.723816758745054245e-01,2.584329415590112533e-01,2.058720253598558259e-01,-6.973867962410121857e-01,5.156872150892495392e-03,-2.124053037142646094e-01,-5.724413708119676647e-01,-1.635021036978779596e-01,-1.457641617970863515e-02,1.916427706790039265e-01,4.622847391187371868e-01,9.088578691675380794e-02,-5.072278869283635139e-01,-8.301086936522342752e-01,4.021721481158874872e-02,-4.344734875980555966e-01,6.837199201204006149e-01,1.173687422944528352e-01,8.065776973587996945e-01,2.092915795529836920e-01,8.810088234160618620e-04,5.224835153516572683e-01,9.520466295321469152e-01,2.222667599685066164e-01,-8.572744522944951706e-01,-1.818317758975854237e-01,7.189774058299962523e-01,-5.234905828976499365e-01,-2.608930061950571200e-01,-4.282787875945070488e-01,-1.000000000000000000e+00
4.128763679599094516e-01,-9.404599068845822529e-01,-8.188899892101126898e-01,-4.766747177873216224e-01,5.912782313935809331e-01,-7.653584356884235440e-02,-8.024194565204122442e-01,-7.682390977109543329e-01,1.606917259226542938e-01,-4.884108871758436887e-01,-5.945513277477111336e-01,9.391974447498275813e-01,9.679495377563082092e-01,9.305634262261962553e-01,7.444794779523367101e-01,-2.863093497915567692e-02,9.310216157117338076e-01,-5.105190390113499843e-01,-9.334294041411496101e-01,9.278700712809981876e-01,-8.750677070812266090e-01,4.258336472068601775e-01,4.854017984304926370e-01,-5.766565053991539180e-01,8.765587720979736708e-02,-7.855950790522510108e-01,7.309793362542781336e-01,-4.019472089561597627e-01,1.651420318369123674e-01,7.241711426929640094e-01,-9.444419270806516664e-01,9.773859252625874960e-01,-8.513309977245961946e-01,4.509228028839982749e-01,-9.841720603737839079e-01,-5.617964003885358437e-01,2.401156835874351247e-01,5.749355757722043325e-01,9.030099970225171635e-01,8.515759297700566943e-01,8.472628491677136608e-01,8.239304865683422241e-01,6.907474673050186809e-01,-4.126714097559894268e-01,-6.218083046893038146e-01,-9.748524143749770499e-01,-9.591680691783906199e-02,-5.869649832150590774e-01,1.000000000000000000e+00
8.518371434859771663e-01,-7.114110280398833197e-01,-8.718047824253167821e-01,-9.731956917273989482e-01,-9.836396424108125869e-01,-4.430681961112678535e-01,-6.335671367570252510e-01,-7.764510754520685953e-01,4.340821038890718686e-03,-7.474500632516455356e-01,-5.686965096897965699e-01,9.466135339694458084e-01,8.379058304274110691e-01,6.677463961215135413e-01,-1.530569165406665474e-02,-3.132561371393674521e-01,8.781233517901561036e-01,-9.263371237396804680e-01,4.797075945898603977e-01,-7.489431354554184628e-01,-9.922333995980924248e-01,-9.695679577222638956e-01,9.908754270391334495e-01,-9.671588588375985562e-01,-6.859725909602092386e-01,-9.327042027236959187e-01,7.268865580530129433e-01,8.658868873975985592e-01,2.085614696844725890e-01,5.941665400913197503e-01,-3.137434566015830373e-01,8.925697700088593978e-01,-5.501276982259868387e-01,-8.015724362769420797e-01,1.154803050999715225e-01,-9.980604350827578797e-01,-9.408372927719943490e-01,2.848269817152845329e-01,5.248247896176841953e-01,6.650104267274350445e-01,9.349750500273326104e-01,5.710544520547072844e-01,-9.358048229708725296e-01,-5.169374828180249848e-01,-4.594625403584157719e-01,-9.158877511908928293e-01,-5.876965810811614066e-01,2.137296780184583245e-01,1.000000000000000000e+00
-9.740337836808106164e-01,-5.811319544855392261e-01,-5.866917544484818725e-01,9.622652189712108672e-01,9.352170811048406140e-02,4.283039095819261566e-01,-8.457061152487549416e-01,9.341805332692266761e-01,-1.501946138664212727e-01,-4.894201073592105433e-01,7.869317363262610110e-01,-3.490037972415656609e-01,-3.075516377496048670e-01,-7.538864503771751657e-01,-6.824667439199223473e-01,9.322271656532823414e-01,5.275805847851144925e-01,7.291593445571418197e-01,-7.329298771361878462e-01,-6.523363063927610783e-01,9.910310132156650020e-01,-6.598470103665402542e-01,-9.617786771449662320e-01,5.503941741059720227e-01,-8.042881444829104165e-01,6.680226529407121694e-01,3.765963750610836214e-01,-5.767846390543267254e-02,7.880970912044202858e-01,3.167748541484355917e-01,-9.269021959563039648e-01,-9.938835781205652697e-01,-6.472502938903248459e-01,-6.070708168734441079e-01,9.894767764805733057e-01,9.327154056689428430e-01,9.829525300747756766e-01,9.655201164955546922e-01,-8.261624159547922286e-01,1.760284338471525822e-01,5.140920764545297006e-01,-7.834867867049604140e-01,-9.917714695233669220e-01,6.213717603763736497e-01,6.087428851040802558e-01,-6.385329792847671548e-01,-2.725486877562625088e-01,-7.201368148933317004e-01,-1.000000000000000000e+00
4.701626414859829128e-01,4.976714169560470524e-01,-5.162381414682578606e-01,-9.886881686409272341e-01,-4.558096689279507174e-01,8.700838664008365697e-01,-8.484215222840598702e-01,6.530192879267929240e-02,-6.781418517416353264e-01,-4.290657426869373126e-01,3.395979880652944538e-01,9.418184780747351770e-01,6.089495370671845764e-01,8.265278121439774139e-01,4.358969360531431136e-01,-1.242167826693631703e-02,8.498875801788091655e-01,-9.521842667306134045e-01,6.324193069740862150e-01,8.812225328103011346e-02,-9.159729725908251075e-01,-5.817961717420445655e-01,9.070479523252851228e-01,-8.353634747127449689e-01,-2.334511941617806730e-01,-7.903786382923873033e-01,8.051803463326140387e-01,8.558905299827104241e-01,-2.432353424362210526e-01,-1.230108999357231586e-01,-4.223644893822871005e-01,5.932048309077915249e-01,-3.135643663548104421e-01,3.363083381692760776e-01,-6.290382824003705187e-01,-9.918417467305500335e-01,-8.037479797076445276e-02,3.105159804974970753e-02,6.150272517301959008e-01,8.255401323866166097e-01,8.629269161391222021e-01,2.369379551260989147e-01,3.583082039936354851e-02,1.875022092108112881e-01,7.828335600164578745e-01,-8.721461177753523364e-01,-6.223061227119686123e-01,-9.323682398320749520e-01,1.000000000000000000e+00
-5.470555130223220264e-01,9.623223553426629717e-01,2.214114201145746599e-02,-8.961470837492208075e-01,-2.123813141280266048e-01,9.918606322843069867e-01,-6.047635727567247654e-01,9.254215821357779648e-01,-1.702019798453684729e-01,-1.706459280747285590e-01,9.787346742050545556e-01,-2.380690058031187661e-01,-3.063119067975557108e-01,1.629761079097384879e-01,-2.403190844316915320e-01,7.442140593841656271e-02,8.350019831317087027e-01,-9.137699158312180270e-01,9.785933924135785666e-01,6.372661412601399178e-01,-8.619739728084622188e-01,-1.260350049826281238e-01,7.300798298989513713e-01,-8.271887631913886763e-01,5.097514988779445755e-01,2.476365064942618877e-01,-1.382683737638916721e-01,9.803115355939509001e-01,3.069048409516934584e-01,-6.260172934694894220e-01,-1.236329738684955118e-02,-8.035582116624319093e-01,9.278572143322760812e-01,6.994144862742617264e-01,5.017781330162039977e-01,-9.531778584392678333e-01,5.234742355346956311e-01,-5.029354397054697223e-01,-7.849632104664371057e-02,6.743385902399369192e-01,9.899119572233368025e-01,-2.828119325906510717e-01,3.086295729561273071e-01,6.691857933840726913e-01,9.895493795375239765e-01,5.308132780247114546e-01,-3.849117053946036204e-01,-9.179973613727575588e-01,1.000000000000000000e+00
-6.377122993011785645e-01,-5.629115917577762890e-02,-6.330630712540893379e-01,-6.812120309725153700e-01,-4.840971877371786913e-01,8.379511758978223090e-01,-7.846278138155676762e-01,4.241781279531099957e-01,-4.635424725009176239e-01,-2.488850323859082003e-01,8.108698762900992119e-01,7.123878458640687805e-01,1.647701164355980796e-01,-1.426999668530407328e-01,2.104808124748915321e-01,3.165921460251324149e-01,9.155604968746727801e-01,-5.197810777187057418e-01,-1.194276422487560753e-02,5.478732890379522935e-01,-5.920024900052655026e-01,-6.023855677503147099e-01,4.165026853355164871e-01,-8.654911983294003575e-01,2.728857114069396239e-01,-4.494226235756471066e-01,4.940075276342311139e-01,8.561120367308685530e-01,4.355182957566418045e-01,1.893230829780463698e-01,-7.637881917096092099e-01,-6.243089761578043406e-01,4.162701178777947764e-01,4.115189033997758150e-01,1.908029532846760856e-01,-7.142614138439983273e-01,4.255987695205982191e-01,6.869368935543862520e-01,-1.628711975759722930e-01,7.934342520231412177e-01,9.830125135546721182e-01,-1.842633130650123685e-01,-2.166795430893699581e-01,8.240153760847702680e-01,8.191161571920037021e-01,-6.981192950295712629e-01,-1.047694183862803580e-01,-8.486858460262975967e-01,-1.000000000000000000e+00
-6.908913048168823234e-01,-1.070856942667841594e-01,-6.154001435317636437e-01,-5.893456306972699732e-01,-8.278173965684130220e-01,2.236946537363958265e-01,-9.258509481904553251e-01,7.741974110303136980e-01,-8.256716559534428290e-01,-7.099856338025289926e-01,4.223169842899625326e-02,8.366907965380709911e-01,-2.377241085352714833e-01,-2.022365284248834882e-01,-6.078060120684413148e-01,9.036500051512886822e-01,2.350139373919999941e-01,-5.056561057231396816e-01,-4.576148544687905217e-02,-9.902772065257650080e-01,9.516560663126126807e-01,-9.697940454030221646e-01,-3.376994251574860773e-01,1.370409075222694673e-01,-9.729547359796586470e-01,-3.251933195688519462e-01,9.068957190378329480e-01,4.205614726249706226e-01,2.597696224439226542e-01,6.743127547558763757e-02,-6.859909972135673772e-01,-9.693621154930176509e-01,-9.444793576562278137e-01,-8.897017236835914611e-01,9.916995363306196909e-01,-8.146354661036956379e-01,8.423414723427540274e-01,9.426715202995866738e-01,-7.072414388151215814e-01,2.830909861367240099e-01,-5.684841294711906468e-01,-8.089021478784690355e-01,-9.988039372238630698e-01,2.330722388458833505e-01,4.903825514078714587e-01,-9.279801213596429177e-01,-8.152017641143650684e-01,-8.955542939890367427e-01,-1.000000000000000000e+00
-4.484841703714803063e-01,5.686985219608184927e-01,-8.160995485025014373e-01,9.626366205918461816e-01,-2.586307012212763490e-01,6.690986301748523823e-01,-9.434862420017396945e-01,9.980563289749023737e-01,2.555576661477773071e-01,9.127644453187484519e-01,9.971544584864132643e-01,-3.787222230753743424e-01,-8.969977706972495080e-01,-9.849810653313519904e-01,-6.665986381715968134e-01,-5.329957461125636176e-01,9.327498329911774189e-01,6.511256773762237327e-01,2.791354796177958342e-01,9.803381868585964165e-01,7.110663890106363461e-01,-8.517893352925591799e-01,-6.758118537434322226e-01,-6.108925486444072295e-01,5.735969066314245968e-01,1.303013885123391058e-01,-9.149536906454367458e-01,3.110005988366612573e-01,7.377681768550465868e-01,-2.734306583886605968e-01,7.844503889385070648e-04,-9.995368136886583210e-01,9.929417789555201601e-01,2.199329721430357543e-01,9.010498975995104853e-01,9.944316765265830416e-01,9.748166415916746930e-01,-3.011020593048358007e-01,-7.668664164935066196e-01,7.530380635565279146e-01,9.999601701115750085e-01,2.128741782346041111e-01,-2.585728997358580084e-01,8.954707584150395361e-01,9.923137451874435300e-01,6.485140430393494526e-01,7.026567997421039324e-01,-3.130688464140356508e-01,-1.000000000000000000e+00
-8.773547871750134175e-02,6.158280446267330177e-01,-5.989407115754581401e-01,-1.016392013910957515e-01,2.918569872560928813e-01,8.200446546351063404e-01,-9.427849780514694356e-01,9.698376028051826081e-01,-4.209029431639536023e-01,4.911739443911272152e-01,9.296500349387299966e-01,6.100589198015434755e-01,-3.165136184569936062e-01,-3.054631071776567341e-01,-1.729137863221207605e-01,-1.289825969917281039e-02,8.178388389898418875e-01,-4.570983661945502985e-01,2.877210982489754043e-01,7.796567149707797073e-01,5.008942465569453661e-01,-5.431884681674372661e-01,-2.682945870864460458e-01,-2.088213883143859029e-01,-1.571698923855447683e-01,-2.455261336380967496e-01,-1.263144072665362515e-02,2.636289020768700087e-01,1.836478515939074241e-01,-3.316506797680395802e-01,-3.446658695397077365e-01,-9.555071979690020756e-01,5.714605198336258907e-01,2.918750190639305964e-01,3.116933767799016097e-01,4.760197992410689083e-01,9.435252909433075041e-01,-7.377624095188936582e-02,-2.713350478392942411e-02,7.605918283079446951e-01,9.858838552184192583e-01,1.394913197414566763e-01,-2.098408002236434311e-01,4.941095749303768825e-01,9.599980428911665253e-01,-4.605945772302546537e-01,-1.217158286289750369e-01,-8.874312482069849350e-01,1.000000000000000000e+00
-9.483893351160325169e-01,8.765124724247466137e-01,4.816117426439848748e-01,-9.157660230274136115e-01,5.482742669827026516e-01,9.951962936552463113e-01,-2.834875173976959539e-01,4.385918809880558489e-01,-3.822062994766504684e-01,-8.980529431701947951e-01,7.694683709001139960e-01,-3.205348901513995763e-01,5.182629490168916275e-01,8.939908907987649256e-01,-2.061426270600854108e-02,9.038379274236646443e-01,5.373387644834677346e-01,-9.161042344030786433e-01,9.082040239676938409e-01,-5.394997135721009140e-01,-3.086633599987902432e-01,6.834604637705579133e-01,7.700237814240282197e-02,-2.457196409953536498e-01,-1.714706379329431207e-01,6.893821680331890800e-01,7.908503801061158578e-01,9.711874365436027334e-01,3.117836248173750935e-01,-4.243120026343490947e-01,-8.307431745117472843e-01,8.778776371251331700e-02,-4.665492493142484043e-01,6.692392448226334167e-01,5.531804083862029708e-01,-9.897497089150667504e-01,7.134035954137614155e-01,6.364303898341019394e-01,8.634125755652036216e-02,4.057915202997989246e-01,-3.986930545946822391e-01,-7.637403022747892845e-01,-4.023566223967050548e-01,3.918361369118179560e-01,9.080636093138876319e-01,-2.779644803452704371e-01,-7.946766564480353123e-01,-9.785685238013254184e-01,1.000000000000000000e+00
6.540767884214258032e-01,5.489758633305209523e-01,-4.451357119942301321e-01,-9.955977657245844714e-01,-2.832979274852851503e-01,7.275044096222529344e-01,-9.531816270753924458e-01,2.593485339477349383e-01,-9.130838273730385035e-01,-6.211500236487816906e-01,-5.028937984363606173e-01,9.866165910592046284e-01,6.255695789114209537e-01,9.395018765154630191e-01,3.089752606005377600e-01,5.218609248883592233e-01,4.500157597445986202e-01,-9.729512216886655462e-01,4.547965075130909196e-01,-9.060388950217411752e-01,-7.437546494607293057e-02,-7.919337591594203252e-01,7.746099142719049535e-01,-1.240615654270234430e-01,-9.268901841105854356e-01,-8.418266360178185970e-01,9.653186949859637878e-01,4.375882161881289312e-01,-6.210132303058962799e-01,-2.904211338023012789e-01,-3.986760264256450359e-01,4.337778452498513015e-01,-9.662050710106080409e-01,-3.617376299717478538e-01,-1.627517345840358842e-01,-9.956304432819080841e-01,5.325001057105063218e-01,3.838183013115313291e-01,6.438818876399706737e-01,7.401908537147801059e-01,-7.096718313690757451e-01,-9.459673760260604858e-02,-8.663353010193034498e-01,-4.545149032045506243e-01,6.137105379221921009e-01,-9.772989101647214794e-01,-8.952000153966513940e-01,-9.813063012152656306e-01,1.000000000000000000e+00
-9.816600327400024639e-01,9.799643106234054990e-01,7.147481919946649942e-01,9.835391627150407157e-01,9.462389793828502871e-01,9.949598044889588211e-01,-4.925318673490067245e-02,9.982901144929299253e-01,9.098569178376102462e-01,-7.238605467476707522e-01,9.895129397704688357e-01,-9.981102325329808123e-01,-2.631395763415093070e-01,3.478113363130541646e-01,-9.481739910813919980e-01,9.262256838165893180e-01,-3.331637816631122240e-01,-3.172987341477060963e-01,9.899395263212295015e-01,-1.152478380782122058e-01,9.590817216909665044e-01,9.101918035852604172e-01,-9.575507302720474012e-01,9.498228777458531669e-01,-6.104599130176273647e-01,9.948589368205307260e-01,-8.133202008783653181e-01,7.750092929227562211e-01,8.217067195374450073e-01,-7.702462520922801481e-01,-4.905235109845355601e-01,-9.881347113948731886e-01,5.846766615876290984e-01,4.454944970513500385e-02,9.934117681547570688e-01,6.731712837635377422e-01,9.957267159352012342e-01,-3.987935240432292083e-01,-4.820689931127043470e-01,-6.352461797640039931e-01,-3.841985054771076364e-04,-7.341693094078128867e-01,-9.359801891262363727e-01,-7.472984821324084592e-01,9.856104355086080515e-01,9.659042760479010781e-01,-6.713349983288675604e-01,-6.915466651666579700e-01,-1.000000000000000000e+00
-9.890467980142346738e-01,-7.506291838225772617e-01,-2.317147514679873954e-01,-4.764489689375707160e-01,7.958502910430992339e-02,9.388558766001030564e-01,-5.046105719373650961e-02,-8.197091680914440071e-01,-2.676243427575195621e-01,-9.403426993655696897e-01,2.332427741446244651e-01,1.712992716970007379e-01,8.160261964397990120e-01,6.734612236383796802e-01,4.508600528199465662e-01,9.435984246713075008e-01,8.739218378032006518e-01,-2.658418313660848575e-01,-6.454466663789147907e-01,-2.017142070323257319e-01,-4.152615337441598609e-01,5.011275377269391873e-01,-2.737034365465160768e-01,-7.747775319022692786e-01,2.759372659204729628e-01,3.707863399688701711e-01,8.867298011871510566e-01,9.391062157669333166e-01,7.278097239701626364e-01,6.248082320113690358e-01,-9.869661549679082935e-01,5.916090433792922099e-01,-7.586588901513920957e-01,6.119544137239436576e-01,2.568004532482640045e-01,-9.267292425014864721e-01,2.599281664393338631e-01,9.834823391436694484e-01,-2.067982764603444878e-01,5.953684664979261854e-01,1.612844205708666157e-01,-7.540044731856405669e-01,-4.978696410889849600e-01,8.563447048846181131e-01,-4.888540741494642322e-02,-8.583084972864379880e-01,-4.051804791873387934e-01,-9.074881222575458262e-01,-1.000000000000000000e+00
8.747424028738013876e-03,9.531628967579299783e-01,-2.308986946502105397e-01,-7.098479473098334713e-01,4.060530358539157780e-02,9.509004649883967542e-01,-9.223364702860442632e-01,9.882892722155914855e-01,-4.950854262285231400e-01,2.547263443970271268e-01,9.543760945676510454e-01,3.095566690493730122e-01,-5.529775167475570186e-01,-2.514416484278188604e-02,-5.226887444501538971e-01,1.440906351752670178e-01,5.782930022514031210e-01,-8.528580709957174211e-01,9.367706145308388743e-01,6.683452908278192384e-02,4.231849994233387591e-01,-6.404120443978094102e-01,1.473103232507709248e-01,-4.454207757279172314e-02,-5.340948034474791717e-01,5.079338241518040892e-02,3.407518770205360259e-02,7.335495610918432163e-01,2.500635165754438571e-03,-7.016370367137999553e-01,2.523006425189245339e-01,-9.726450881962297457e-01,6.060427068182038246e-01,6.929781583929296718e-02,8.090738031275893638e-01,-6.082306377123016805e-01,9.303840974972510391e-01,-5.139599215376876584e-01,-1.341894751192437285e-01,5.953782090241644953e-01,9.434779665725648856e-01,-2.073391898982266668e-01,-6.716723665436633572e-01,1.661115459154723639e-01,9.875062827960093825e-01,2.759362763667795246e-02,-5.675307071048004692e-01,-9.347219246626399247e-01,1.000000000000000000e+00
-8.615469541688440813e-01,3.576042243999436598e-01,1.635366759506677869e-01,3.411690367411809952e-03,6.899510704664367777e-01,9.328959747134033531e-01,-2.941437046797935606e-01,5.135266320794122930e-01,4.525842134735038602e-01,-9.146252395902084720e-01,2.784058133891996745e-01,-6.163389829532680553e-01,8.140277111247591346e-01,9.249156802954028311e-01,-4.378564913872555753e-01,8.997034232793181818e-01,2.437499764679617320e-01,-7.513300499538619892e-01,6.797146838377522426e-01,-6.344469337831191158e-01,2.897232715274377091e-01,6.803835912806330821e-01,-3.817261088968793570e-01,5.624243988828744323e-01,-7.379027050772895002e-01,7.676284375581915453e-01,6.056274773660728084e-01,6.734726516663022133e-01,4.992841604485028228e-01,-5.590876745934483111e-02,-8.689365305781966420e-01,3.734112250497204077e-01,-8.661330041858991136e-01,-8.927746316217986811e-02,6.667683123066792117e-01,-8.988113928050527335e-01,8.371915214994022358e-01,5.792918812765118775e-01,3.738914302406026735e-01,-6.116571782097888522e-03,-7.699913021856967799e-01,-4.190539928116548962e-01,-8.807566426594138909e-01,-7.146297413660858133e-01,4.247041402800617038e-01,-4.254835621801354439e-01,-7.891798734072701382e-01,-8.107317669934294146e-01,-1.000000000000000000e+00
5.638685364263255062e-01,6.111276707618097381e-01,-7.402591337843948960e-01,-8.227761458821829521e-01,-7.877694080302152235e-01,6.222993714488114225e-01,-9.291513501451863499e-01,9.144153018968563806e-01,-5.115748339332277794e-01,3.521639458553991742e-01,8.659388111595068827e-01,8.422546483040695975e-01,-3.330623352221495082e-01,-3.831876512905087462e-01,-2.689149499284542166e-01,-3.619463405439961590e-01,8.471680900495894839e-01,-7.889074792112716894e-01,7.116696250433462989e-01,2.238304400538438654e-01,-5.406848100264399770e-01,-9.324974275487419861e-01,7.665668148179056729e-01,-7.953509055654800486e-01,-3.830551808530423541e-01,-7.275397417953740620e-01,1.517836607477232314e-01,7.168248773434467980e-01,8.473352233350961438e-02,-2.514790615471747537e-01,1.597147194677657200e-01,-9.078108026914998296e-01,6.455340435737483284e-01,-2.608074517886486698e-01,5.925765254486553557e-01,-7.480397229202632170e-01,4.968396391266246548e-01,-2.462477814848150204e-01,-8.377221592073215428e-02,7.665813600800254202e-01,9.928778135732700960e-01,2.245219527669654047e-01,-7.023871036578767102e-01,4.075819792278554954e-01,9.360675550951609303e-01,-5.474912698349271301e-01,-2.917170697560744763e-01,-7.497802523715585421e-01,1.000000000000000000e+00
-9.969309525648001324e-01,6.437159149290080373e-01,5.883413079726516060e-01,-8.045220872846231552e-01,7.174477915033140585e-01,9.981579399543732967e-01,2.004470310348534789e-01,-2.717966248134521812e-01,-3.902270174614232978e-01,-9.553696228577864824e-01,8.153955433922718266e-01,-6.252970356009968089e-01,6.226855879209769462e-01,8.518791328790056294e-01,3.040671212995780248e-01,9.722076868679636608e-01,7.332754654390339910e-01,-7.475224723772277979e-01,6.453404019192283680e-01,-2.660659143011008809e-01,-2.180413170834952230e-01,9.028130965570934086e-01,-4.818199276670273590e-01,-5.203770589194643970e-01,4.726416020342911750e-01,8.582426282131863093e-01,8.609710709058242539e-01,9.887695998100205497e-01,6.396713772553727084e-01,-8.813087935403729478e-02,-9.740754196590837299e-01,2.442913560283837826e-01,-4.496121653237760141e-01,8.887689743699531686e-01,5.053408133315739903e-01,-9.813332503696498010e-01,7.092838664326415188e-01,9.481219488697604225e-01,-2.613521227212167730e-01,4.596414750664148396e-01,-4.207308430669240984e-01,-9.099710397287149588e-01,1.253682495959374671e-02,8.800613768433935835e-01,8.485287801269763008e-01,-3.305684020321749128e-01,-6.699773953992912423e-01,-9.866848274391437634e-01,1.000000000000000000e+00
2.982770942018130311e-01,8.484908941032125174e-02,-6.642171011052894203e-01,-5.905740072273398811e-01,-1.686757724341660936e-01,2.378972286647336731e-01,-9.551227420476108287e-01,8.625511203147397943e-01,-6.365163409304911424e-01,-2.239954950077699403e-01,1.597340414765631156e-01,8.920914648955298176e-01,2.374135229348502407e-01,4.397534109640740541e-01,-2.979240174930128937e-01,4.983860983771011832e-01,4.820844720973379016e-01,-6.877269917087029949e-01,-6.555352942226695678e-02,-7.008440233984413181e-01,7.812778176374646222e-01,-8.412033249123193057e-01,-7.838054855231040008e-02,3.156009983100496741e-01,-9.156580959241552575e-01,-5.464316341498133278e-01,7.505714690637028674e-01,-2.418961257273912202e-01,-7.780389361509956747e-02,-8.695888903718489160e-02,-4.817296752752749378e-01,-7.995326635246714497e-01,-8.589407455346151909e-01,-6.445269345974994346e-01,6.834937944831076528e-01,-5.346486447851718227e-01,8.941947517266224388e-01,4.770956717624473820e-01,1.533384828439404435e-01,5.762656266407371053e-01,2.369185883636151513e-01,-2.802301411474998616e-02,-9.566325699096673851e-01,-3.980159887809946451e-01,6.418291971949547925e-01,-9.129839000573710672e-01,-6.905940651401638597e-01,-8.748039960826904382e-01,-1.000000000000000000e+00
-7.549482926934618643e-01,3.762293401544572480e-01,-2.103774316039656034e-01,8.617545397485200098e-01,8.009681084342487045e-01,8.835128516177457314e-01,-6.110314026450758274e-01,9.387897503044999592e-01,6.930936775590029741e-01,-4.162566583971487044e-01,8.730205000485109501e-01,-7.686217715022016783e-01,4.799431998131258870e-01,4.642605626292384824e-01,-5.403525734922510759e-01,6.023212220483361579e-01,6.013583089026165451e-01,-2.123342110149855078e-01,4.888278279330091070e-01,7.060770514953679244e-01,5.226965657929517617e-01,6.201944550851453686e-01,-6.989087427546140097e-01,5.203745590040375069e-01,-2.660167065310705126e-01,7.665864811509203181e-01,-3.620625765703817667e-01,2.548149867624611153e-01,6.378558045619661110e-01,-1.227472452359892885e-01,-7.555318393193573012e-01,-7.082247050766827812e-01,1.139934056481402697e-01,1.811563035784458375e-01,5.445671197333845637e-01,5.571489356306421614e-01,9.543782610040612013e-01,4.851268194058748484e-02,2.086378217176443894e-01,2.463062934525737935e-01,8.186724736140121861e-01,6.870458832873267696e-02,-5.229643711613300994e-01,-4.619019068841382358e-01,8.230768653208183627e-01,1.584301544526868222e-01,-2.945066512037592399e-01,-5.754764143859336656e-01,-1.000000000000000000e+00
9.622679463004754075e-01,8.902619212836462292e-01,-5.015888054382913186e-01,-9.544108634454611106e-01,-7.928355891677117961e-01,7.481031242385400848e-01,-6.004556450592852812e-01,7.930076209214989014e-01,6.724919265640969535e-01,-3.181191020700182559e-01,6.607506494835942989e-01,2.894819842489246287e-01,6.591699310413269286e-01,8.624906546920444450e-01,-5.470574762063193930e-01,-7.596602906500581343e-01,6.992994043851200603e-01,-9.851156348732569290e-01,9.928584602797342340e-01,1.755742139918523848e-01,-9.942650428385082506e-01,-7.141006604025411653e-01,9.902130400627316975e-01,-7.957654492553341008e-01,-4.976267843976295846e-01,-5.871403297618150718e-01,-3.768828863927379813e-01,8.907678201903926896e-01,-4.970735973766656629e-02,-4.481539379561457759e-01,7.377925618450795753e-01,7.120314811216038597e-01,6.765925813186248750e-01,-4.808986275941176114e-01,-1.195646734598703187e-01,-9.963783535832890781e-01,-6.259741891790149282e-01,-9.619138300868912417e-01,8.127745395635000980e-01,4.680190842987834166e-01,9.778023426323847467e-01,8.171964585627680133e-01,-4.879928544684468128e-01,-9.292093103949943256e-01,8.593960277393326574e-01,2.350182222917987784e-01,-6.716126142130789400e-01,6.739648203239186064e-02,1.000000000000000000e+00
-6.273167085835825718e-01,-8.936050074925601105e-01,-7.899066941587339352e-01,-2.080264793314920979e-01,-6.515799896748505349e-01,-3.410814165740759241e-01,-8.652167186486375838e-01,-2.004761376607749335e-01,-5.586921535875258860e-01,-7.674407031805876578e-01,-5.255924386102510670e-01,8.938710546420488567e-01,6.397158660916064665e-01,2.801307635140130592e-01,-9.622616302074334105e-02,8.389412535868452370e-01,6.747223837070868147e-01,-1.464996819332151923e-01,-8.567262280189236190e-01,-8.874359545126946358e-01,7.047611056403525476e-01,-8.776245895728561619e-01,-2.191573101140873447e-01,-2.388907904548087102e-01,-8.974019150738655748e-01,-5.589284657392613598e-01,9.018242842456869468e-01,9.968287730209378361e-03,4.287274713611985422e-01,6.346300985137688366e-01,-9.224603693373742974e-01,-4.096418269444365712e-01,-9.627167650778324370e-01,-7.582252267674673973e-01,8.152129012552885579e-01,-6.331822493030365706e-01,6.057092443325888809e-01,9.643127423941031395e-01,-2.202387381719345949e-01,5.153296734894818876e-01,-1.703401430026700025e-01,-4.077727295101998273e-01,-9.881190299633784146e-01,1.255540141915905961e-01,-4.796717169033496431e-01,-9.735088202447580441e-01,-5.981860586438595417e-01,-7.072091948562445607e-01,-1.000000000000000000e+00
-9.890103969727370714e-01,-9.787099964327246049e-01,-6.425780158057511349e-01,6.163583950907240011e-02,-6.593284933314568219e-01,5.575102884643705625e-01,2.268912025513407649e-01,-9.678172477525807116e-01,1.169395832900159277e-01,-9.659709894070996894e-01,-3.564443748478026697e-01,2.808839768169961171e-01,9.073792532598957683e-01,4.304168952588898756e-01,4.089812197224426682e-01,9.425097460414946227e-01,9.236299014314462985e-01,2.518777999646528154e-01,-9.183370211841299646e-01,-4.472401588651200854e-01,-7.117669358939646695e-01,-5.890283276715965743e-02,5.274956405668946267e-03,-9.156390027559850875e-01,1.872193963624832480e-01,5.945299874394977674e-02,8.875655518184715209e-01,9.224683547343331957e-01,8.651133340432585195e-01,8.890312090618146534e-01,-9.939144926186965767e-01,8.058196370727520597e-01,-8.499601374401296594e-01,1.147487202761243302e-01,4.771255460732105602e-01,-9.097173322571616705e-01,-4.838310018136778856e-01,9.952571224244554093e-01,-3.555943938209258914e-01,5.376990010032871581e-01,4.499940003901019558e-01,-6.802763073964412932e-01,-8.559574939103977709e-01,8.476835781369095324e-01,-8.131919160911795785e-01,-9.297811933511781479e-01,-1.938890271355605821e-01,-4.853691018527612200e-01,-1.000000000000000000e+00
3.715665895868665025e-01,8.209820940292443803e-01,-2.377274468637028682e-01,6.116683171435465249e-01,5.029452424477246497e-01,7.653078828951581647e-01,-7.408971147417913183e-01,9.832924520375914135e-01,7.713425357107106528e-01,-2.899206070591056061e-01,8.205177000570137436e-01,-7.155413798966774319e-01,3.920017748682657066e-01,6.678687166248555851e-01,-8.121482163901625473e-01,1.723163575576819317e-01,2.002863554159232395e-01,-7.699146941572750924e-01,9.402193522293955663e-01,8.407606609798649877e-02,2.443650994254656650e-01,1.876742215797543283e-03,-1.705001792675021888e-02,6.948521823782276563e-01,-8.089749816703047935e-01,6.180251136354721897e-01,-5.419598864521133486e-01,1.019370296790882979e-01,3.653712335257323085e-01,-4.849775568028856232e-01,1.017340621190774702e-01,-7.195290917046495149e-01,4.559093333314015450e-02,-5.575936629111510889e-01,7.852186799124729610e-01,-2.275836808179310111e-01,9.230403152839191661e-01,-7.882270311222934200e-01,4.711870939778710077e-01,-1.425781229852184952e-02,7.071661713352382916e-01,4.383983458957036450e-01,-8.882538485264452888e-01,-9.329813492369956052e-01,8.786186444543720997e-01,3.976309798009176055e-01,-6.364002614979725747e-01,-2.485750551868627090e-01,1.000000000000000000e+00
-9.305700067453416269e-01,-5.279776545936202270e-01,-4.041824484670825668e-01,8.264632100988105190e-01,5.289930095029409668e-02,6.900836510904554411e-01,-3.040652844732630311e-01,5.085717702443303123e-01,6.075334066082769269e-01,-8.298550715962148550e-01,5.675823051918785778e-01,-6.735798526665104369e-01,6.195520063414499123e-01,2.566795181556145167e-01,-5.481548734183918636e-01,8.610768108660852294e-01,6.382592163271448849e-01,6.021433515241486623e-02,-4.219302575155962215e-02,-3.288259447183006778e-01,4.182365221233466657e-01,4.154895863320711563e-02,-5.714404762636224877e-01,2.713011171558884702e-03,-5.214925603006406174e-01,6.836873928356791419e-01,2.242400653343794015e-01,6.196060652536410363e-01,7.957159921706388195e-01,4.154716939268910392e-01,-9.164396642077158317e-01,-5.396950456785259975e-01,-5.261916649795337353e-01,-3.572647348863709493e-01,8.948799572321344264e-01,-1.377539191900205295e-01,7.753150105309861706e-01,8.522727691120995930e-01,-2.832401012796761375e-01,8.827283201362716436e-02,4.940612539853856955e-01,-4.362464558224350974e-01,-9.453976540249391380e-01,-9.979584763358986810e-02,1.976261722321183412e-01,-3.609809867994711596e-01,-3.945831834293552220e-01,-3.142596422095780273e-01,-1.000000000000000000e+00
-6.607246857599020640e-01,2.285256968629336971e-01,-1.051500763778726033e-01,-9.858816781877310920e-01,7.106828308562282981e-01,9.415439500973978859e-01,-9.142652047696003814e-01,-2.065154729078318152e-01,-9.320352497282643478e-01,-7.907593366337124507e-01,-3.797332533458928627e-01,9.688710550563246482e-01,7.563162060733619185e-01,9.593849425000752218e-01,6.701233723074826454e-01,8.822651431795778265e-01,5.864952174960175180e-01,-9.109006617191705013e-01,-4.265701690937304669e-01,-6.800290586411313898e-01,5.483980503687795327e-01,2.303463833676844819e-01,-1.446116088091762286e-01,1.456931989043817322e-01,-7.375123481664211944e-01,-4.925176891919098576e-01,9.818866630806709628e-01,4.963965820326979306e-01,-4.243649964093183513e-01,-1.035016570259959662e-01,-9.187571805564591632e-01,5.877309098495896444e-01,-9.805690592630437186e-01,5.316711986871710538e-01,-5.986232429342952521e-01,-9.803033668591883965e-01,8.568416032088466139e-01,8.857403757819019008e-01,5.710951470231203642e-01,7.864739401627350857e-01,-8.960443316145711989e-01,-5.437280247699315394e-01,-3.707495376149620991e-01,3.435109193859079424e-01,5.635090447125861157e-01,-9.833383117845595489e-01,-8.459244103848151397e-01,-9.957416772965819174e-01,-1.000000000000000000e+00
-9.907393102424837394e-01,-9.876372478897357254e-01,-6.492746811667131634e-01,-2.601351541788894384e-01,2.750283017491903514e-01,6.596861645076504965e-01,-3.590909150982891096e-01,-9.774291790887603693e-01,-5.575053495540857051e-01,-9.363549530285874001e-01,-5.602168716408579829e-01,8.498422507792048330e-01,9.360041194547794596e-01,6.999298838231073905e-01,8.260062364780643707e-01,9.529139851063951339e-01,9.466215847589649623e-01,3.815534181319352736e-01,-9.916470586856160896e-01,2.655109266947865421e-01,-1.703890810662568034e-01,5.068539008891632669e-01,-5.932131228997162831e-01,-8.257197959733016956e-01,3.886345332418412735e-01,-2.540669548943655376e-01,9.651529661863695875e-01,7.054889595507051192e-01,7.245420316456514520e-01,8.932070617048738503e-01,-9.979403669882190853e-01,8.846178473455694746e-01,-9.550919498769374627e-01,6.872838753705081682e-01,-6.507951605644211046e-01,-6.934800931292988135e-01,2.430345968102487209e-01,9.977426832977686066e-01,6.878526836922983431e-03,8.027155380969532850e-01,6.546742266576334457e-02,-6.311930816723585469e-01,-1.655539058000928820e-01,9.341186976695260435e-01,-8.055700571877825178e-01,-9.879751870555003590e-01,-1.082417911065510358e-01,-9.156525537475874721e-01,-1.000000000000000000e+00
3.362591523975098640e-01,6.059966314404356957e-01,-6.993918574557147494e-01,-9.544309695708377284e-01,-5.049663314121098923e-01,8.664043897187115872e-01,-9.454572233353385480e-01,7.972695216043502731e-01,-8.070856517513544937e-01,4.754945596364805738e-01,8.900979743409724865e-01,9.500962843330352792e-01,-2.394773121241854652e-01,-1.729474236857885538e-01,4.082898119891293365e-01,-3.852797480702722099e-01,9.320588219245015127e-01,-8.200860044382675129e-01,3.691647446415657896e-01,7.822287170089426978e-01,-7.132040291631400741e-01,-8.139575131720742096e-01,7.458002955830179692e-01,-8.968762188710481809e-01,3.019095438781095320e-01,-8.283991396630137061e-01,4.956566359818372347e-01,8.023870746462649084e-01,-1.181156268757328071e-01,-2.437595905596633972e-01,-2.323601822436484055e-01,-7.865240323581402793e-01,7.079587938883140641e-01,5.677409861277827874e-01,-4.180000805940694009e-01,-7.974864764805382755e-01,5.294219553975211268e-01,1.845997480200426994e-03,1.243005252629767465e-01,9.080703268007651596e-01,9.959896084899131363e-01,1.980870691584750432e-01,4.284802176679707864e-01,8.429615585184079274e-01,9.600950068359063172e-01,-7.679513550386770637e-01,-1.187011191513072522e-01,-9.456610943412547821e-01,1.000000000000000000e+00
-8.766122280943009493e-01,-3.414347879699016763e-01,-1.058398138465658361e-01,-8.603406027589030058e-01,-3.846870564392884662e-01,7.293388424225589750e-01,-5.156785225952306151e-01,-5.121541877575797042e-01,-5.232430278871208484e-01,-9.766052459727333490e-01,-7.459962590197176668e-01,5.669576917800899230e-01,8.323286922904643559e-01,9.335701254711843422e-01,-3.133838725275174264e-01,9.716726277322365046e-01,2.028841872984370881e-02,-8.428731955254327168e-01,1.915575272096832482e-01,-9.940356247251210808e-01,5.914016625149720596e-01,-4.655110543137134793e-01,2.187643944905035345e-02,2.944325286514321571e-01,-9.647949117639980088e-01,2.052952051540331002e-01,9.697047832631491282e-01,7.486266127936164194e-01,2.955538651391849125e-01,2.904437546314247443e-01,-9.248505333692548236e-01,5.176132075300414748e-01,-9.939802228804685003e-01,-7.485921368549580679e-01,9.297022681945245060e-01,-9.945447913477540869e-01,4.550426156908324304e-01,9.601269491305968184e-01,-9.555802401368206425e-03,-5.150042065872324597e-03,-9.887808815973013754e-01,-8.024937174017160446e-01,-9.960007285643754926e-01,-5.520722616243181058e-01,-4.381739368102991472e-01,-9.469299113605881280e-01,-9.270823938758144811e-01,-9.094789435037367031e-01,-1.000000000000000000e+00
3.332274378232245871e-02,-5.636665906619492405e-01,-7.253441748213524942e-01,-2.375120053739614434e-01,2.543373814312710479e-01,2.868812303460294699e-01,-8.978257353091350090e-01,4.710371248743748240e-01,-2.452964955041777584e-01,-2.476911890163343011e-01,1.782321073690515678e-01,8.438044880587262098e-01,6.799768979683373793e-01,5.764087071952870289e-01,1.812628761636626562e-01,3.075350634425562113e-01,8.098713949529338096e-01,-4.489622664401718422e-01,-6.333719127053051290e-01,4.775225623160981314e-01,1.013015878227531280e-01,-3.735606619628137892e-01,-3.235741934699250255e-02,-1.764836001990801595e-01,-5.141127894106070073e-01,-5.310591838679876719e-01,6.117126805319462735e-01,-1.793076418837116770e-01,1.954462954549341103e-01,3.189005138929191796e-01,-8.086864056762194108e-01,-4.560266711041842391e-02,-6.920441962868404406e-01,-5.419975287857247553e-02,-3.831976254021572381e-01,-1.967445230800207723e-01,7.898493481166506403e-01,5.550472215177352231e-01,4.823299702200434247e-01,7.253733776569410985e-01,8.088058357211779237e-01,3.707534936489488842e-01,-5.034550082608967303e-01,-1.232796469367369863e-01,3.372117254458887325e-01,-9.099871825205657627e-01,-3.295084329109735921e-01,-7.691400451884977674e-01,-1.000000000000000000e+00
-8.993138526963193602e-01,-1.778910562484694868e-01,-5.492910148896267275e-01,8.894824517072611458e-01,2.874185901337034665e-01,7.128144232436828265e-01,-7.985380435592704940e-01,9.315845119402791363e-01,1.627009246242856477e-01,-2.119159084650760194e-01,8.922768889858098129e-01,-3.685203639729697778e-01,-1.037409880373927062e-01,-5.434457407956425623e-01,-5.101916142616117478e-01,7.244383785655094110e-01,7.390197647124422398e-01,3.873677675921597396e-01,-3.006514310466419371e-01,3.780421983588301837e-01,8.682053584578178773e-01,-3.130255418439845116e-01,-8.281908642000485044e-01,1.216353184332023829e-01,-3.455540376980016370e-01,5.392384896401446470e-01,-5.654513918991285748e-02,2.728730888277394739e-01,7.172517685903542217e-01,1.414068516911554108e-01,-8.414927809427598104e-01,-9.699046979156605852e-01,1.319256427209436477e-01,-9.717772329906097795e-02,8.958381382924589520e-01,8.374028748132541500e-01,9.576329980366340422e-01,7.753585058900522853e-01,-5.315449936846623480e-01,4.264192626462668945e-01,9.306065610720175574e-01,-4.061871325259664434e-01,-8.702098454079115752e-01,5.233698978190441942e-01,8.099472471366683246e-01,-3.171372114714648971e-01,-7.223644449093699627e-02,-6.666297379433993031e-01,-1.000000000000000000e+00
-3.658373188716941837e-01,8.974173689797118048e-01,6.292385955566782985e-02,-4.618502515025431632e-01,-6.096532083459105245e-01,9.291955761246752932e-01,-1.776182864246652338e-01,8.950732937130370104e-01,6.643496140394579141e-01,-8.394662041237282990e-01,7.924399172581346740e-01,-8.179303587512104512e-01,3.135737696863986623e-01,6.645879305963072747e-01,-8.471998813865161404e-01,6.118650464286393698e-01,1.806068162631353224e-01,-9.205166041798661380e-01,9.909423340996911245e-01,-8.713982191830830226e-01,-6.403227564670563865e-01,-4.607630357017788447e-01,7.213275665661176284e-01,-1.392602715524927648e-01,-7.995873784131795059e-01,6.716292098367324659e-01,-1.052402940194500924e-01,9.434224497742337290e-01,5.346337672218458570e-01,-4.536661554155312359e-01,5.994225073169810736e-02,-5.274972050515435162e-01,1.014203983133895870e-01,-6.640187756108175687e-01,9.713709260857602557e-01,-9.846383333192102461e-01,3.222416046544440138e-01,-4.231600811616538782e-01,-3.974723748585403532e-02,-2.297750202010873655e-01,3.938520516455756293e-01,-3.386201641344444568e-01,-9.777341450848218152e-01,-8.054110674614874954e-01,8.592744334226302128e-01,5.686069099736237309e-01,-8.095097860979358906e-01,-3.239885336697434504e-01,1.000000000000000000e+00
-4.537014157263326575e-01,5.938639501187455982e-01,-3.466130099476623649e-01,-9.383798963691613038e-01,-8.375074680199184884e-01,9.393510827738232871e-01,-2.689701543407384543e-01,7.951282295009892698e-02,2.508225797302903598e-02,-7.390868976438791371e-01,7.784879884058910626e-01,2.018566473294872432e-01,4.227514571187090953e-01,4.662423737928791390e-01,-1.459427631839345374e-01,2.765099260973189477e-01,8.589929440818343531e-01,-9.117444318377194712e-01,9.247300627961324571e-01,-2.072034111769671672e-01,-9.716323414224815602e-01,-5.990522757645739826e-01,9.278088008568307066e-01,-9.400179479864321230e-01,1.523047906109006033e-01,-2.348782263822425109e-01,3.941638763483494290e-01,9.836818320785722936e-01,4.650217314492872123e-01,-2.588423126265765317e-02,-4.423069356828255305e-01,1.976136588791832793e-01,5.799987774388519757e-01,1.605892511940975875e-01,5.516414246953569300e-01,-9.945048708001724691e-01,-5.754389299848268191e-01,2.020772458523188431e-01,2.085183842558918990e-02,5.910553282018966570e-01,9.612377797233141452e-01,-2.231549009142315687e-01,-5.545095984451756665e-01,4.341556497183419183e-01,8.200426910595067787e-01,-1.636570527700811906e-01,-5.075060186866424683e-01,-6.753582126582787781e-01,1.000000000000000000e+00
-4.708288444889966451e-01,-4.014069572480941442e-03,3.160901012799580828e-02,-3.831949212239091351e-01,2.759471717849399375e-01,7.752407463320758474e-01,3.068197664000728991e-02,-1.810584970363954271e-01,7.445591552701997795e-01,-9.686784078587289404e-01,-5.391358415184115405e-01,-5.501751646552405228e-01,9.505912050199590846e-01,9.818250604615516020e-01,-5.439721389046100475e-01,8.615117007390612480e-01,5.695846709006557179e-02,-9.005412617914196893e-01,8.162746032875860536e-01,-8.921551879680378327e-01,-5.884743476261202755e-01,5.224809378791533954e-01,4.688225617303442005e-01,4.735080535339912244e-01,-8.978399747054304214e-01,6.188273666644059645e-01,6.802611547003865056e-01,6.665793326332282165e-01,4.545025769063586463e-01,1.726572464073310720e-01,-8.142239692026259634e-01,9.348174010817453805e-01,-9.600772068648981694e-01,-6.274134849281132187e-01,5.862139009817630697e-01,-9.903896434756369604e-01,2.656254686327496062e-01,3.493016167720021659e-01,7.033164095494994772e-01,-2.533923084054412467e-01,-9.318604657478303244e-01,-4.078654591579083943e-02,-9.630790680512796298e-01,-9.603681322950416988e-01,-3.998662559105811143e-01,-5.793729063211824348e-01,-8.833992461448681999e-01,-3.748254484883114523e-01,1.000000000000000000e+00
4.077914957798989826e-01,7.728342698505430430e-01,-6.336032147735737308e-01,-6.618136120841535686e-01,-4.742823594304870771e-01,8.807307756275013499e-01,-8.510314677405415029e-01,9.350368677368930959e-01,-1.256677410799640800e-02,4.846487096128490046e-01,9.621861042648020002e-01,4.640174619349861640e-01,-2.346122724963131678e-01,-3.223654175198925054e-01,-1.613823147664464053e-01,-5.906900011725743083e-01,9.146937088967117546e-01,-7.739028508092474778e-01,8.489997038513817929e-01,9.023160541447162730e-01,-8.690042299433230477e-01,-6.715903401752147950e-01,7.763363142368157055e-01,-8.630249796502161841e-01,4.551666301198305509e-01,-4.775127322383965756e-01,-4.400798052463961718e-01,8.475149845989609076e-01,2.720683048361979273e-01,-3.392244854638588603e-01,1.384543212435251081e-01,-8.342397070254343738e-01,9.400499997209008640e-01,4.259990767863513494e-01,5.174683178254808717e-05,-5.727043431157227138e-01,4.960691085197728722e-01,-6.482761746374474665e-01,1.426714594991272955e-01,7.990418335493948421e-01,9.989607319208589908e-01,4.625973006832007628e-01,3.554131854422519221e-01,5.147165364187704650e-01,9.720263372699957660e-01,1.004668743425966015e-01,4.572005638633320351e-02,-6.780249445434213262e-01,1.000000000000000000e+00
-6.999176693742972244e-01,-1.740735873515919796e-01,-7.143702710400412492e-01,9.364142007155448200e-01,3.323293160486017750e-01,3.149211058380471662e-01,-9.426563658352742348e-01,9.834357444433858841e-01,-9.137550480518458196e-02,3.432921719944562189e-01,8.975966256238041563e-01,9.275298965480113789e-02,-4.222022149779773859e-01,-7.519629884007902332e-01,-5.993964138602493330e-01,5.652586635329768239e-01,6.816901362000639120e-01,5.386766496442102481e-01,-5.555239562769309636e-01,4.017812596634096622e-01,9.724296486314881749e-01,-6.874565817844550120e-01,-9.030857768720516043e-01,4.965806027683092871e-01,-6.580788528035810270e-01,2.819700282517710876e-01,-1.501194688440554426e-01,-4.721390665666402309e-01,5.950981935748439478e-01,2.815528364262910588e-02,-7.124170372020699471e-01,-9.938405566142926029e-01,2.960063955444242403e-02,-4.098540583980895269e-01,9.191039010025200406e-01,9.709095929475579645e-01,9.867689768228905534e-01,6.669073696742330304e-01,-5.547095039841793973e-01,4.982779794823363195e-01,9.528876073967299520e-01,-2.106201867362295088e-01,-9.290256538111590912e-01,3.845572973598130884e-01,8.642021145460577758e-01,-5.185495865456175579e-01,-2.361974097784004870e-02,-6.806987204449275186e-01,-1.000000000000000000e+00
-8.257289974594008708e-01,-7.920226998796705553e-01,-7.079532284911153051e-01,-8.588146654449988482e-01,-1.461692485951522069e-01,3.153138671541485527e-01,-9.668379367196625607e-01,-1.331455824811313415e-01,-9.648935715614203046e-01,-6.311329162485259658e-01,-4.905867000474650741e-01,9.886405269116673722e-01,3.558537766016769410e-01,3.537974101043014352e-01,5.062072921307575468e-01,9.209046893913596099e-01,7.038395228702517548e-01,-2.777400581109880640e-01,-9.577832307707266901e-01,-8.926626948240968806e-01,9.562386405380401966e-01,-8.436234065912477931e-01,-6.778897989734616880e-01,-5.824778143857047008e-02,-8.843095303413228692e-01,-7.454546056587748604e-01,9.842110089348240498e-01,-9.418144600551203727e-02,-5.540954450538081860e-02,4.446654189872297769e-01,-9.586021658692480685e-01,-7.329768413437942609e-01,-9.867361264458806014e-01,-2.784678431632455209e-01,5.582836684951774098e-01,-6.203161946585039610e-01,9.025153349589395413e-01,9.894504296859680803e-01,-3.240322845228149617e-01,7.962316178126527255e-01,-6.637808443228288002e-01,-7.396283854759091447e-01,-9.574892016741515244e-01,8.176746136138568488e-01,7.058878729957460130e-02,-9.949839796223599597e-01,-6.825852520097240861e-01,-9.870996873654299675e-01,-1.000000000000000000e+00
9.815585289166631755e-01,-7.448434168242483444e-02,-8.472745600452319392e-01,-7.160905893267068834e-01,5.185406095417096489e-02,-1.201335714459563497e-01,-9.246549900379784637e-01,7.029955394002342928e-01,4.473408766174127860e-01,4.875071601434267099e-01,3.160758645726406968e-01,9.132080898586707463e-01,8.278602579279386031e-01,8.227679466025182853e-01,2.069724823232901856e-01,-8.771180847551760529e-01,8.932090848731687460e-01,-8.835113653379925713e-01,3.130265629255142845e-01,9.573446847462058207e-01,-9.622268938429016094e-01,-4.693841845784981759e-01,9.201810357226931636e-01,-5.853059694419368020e-01,-1.846832902839840862e-01,-8.789234712326452481e-01,-2.247796194884622289e-01,-3.813530113270011679e-01,-2.241040355301626708e-01,6.505956690476093207e-02,1.385536417132630371e-01,7.943936495149135357e-01,2.682937755831916182e-01,-2.800779799812901441e-02,-9.592117779548323675e-01,-6.358096455746723441e-01,2.318718839351345262e-01,-9.039167331492572455e-01,9.273476627124267457e-01,8.320770799253270900e-01,9.936206969095146002e-01,9.559687200342585900e-01,6.324025483437327733e-01,-8.655135347207739693e-01,5.795659321138612041e-01,-7.704277444401816943e-01,-1.369417273147289782e-01,-1.308762314591947196e-01,1.000000000000000000e+00
2.279367176498219363e-02,2.183629192872467428e-01,-7.765847654203925643e-01,-7.172394342259149624e-01,-7.748922388948276119e-01,6.640042759486712853e-01,-9.057380093397184861e-01,8.093042124837526163e-01,-5.536250522369359217e-01,3.188375727496656209e-01,8.905872953769172762e-01,8.426124626231494830e-01,-3.060834464901482366e-01,-6.025840706883914821e-01,-5.982307625883614977e-03,-2.198128827521561024e-01,9.215447915574800364e-01,-5.641177892047164466e-01,2.627241889871262392e-01,5.799131534838438684e-01,-5.789322273091851434e-01,-9.042226702556002138e-01,6.421878215260069522e-01,-8.960343437344032713e-01,9.965633272647234087e-02,-7.156267705062776541e-01,2.120827019662585022e-01,7.902224070933494549e-01,3.049829366371101247e-01,1.624994896568139613e-02,-3.323169380256265626e-01,-9.050941452370117046e-01,7.406222880316911672e-01,9.116423979855030335e-02,4.450524215390800342e-01,-5.332277059915192519e-01,4.395298250498523851e-01,3.058472965946943400e-01,-2.743272052198114652e-01,8.286787543110438747e-01,9.969828903383114449e-01,7.278587184876594840e-02,-4.401806532229036173e-01,8.053562442380837183e-01,9.147077227737494542e-01,-6.288209800759367862e-01,-1.363380215344160663e-03,-7.723375462117382240e-01,1.000000000000000000e+00
-9.560596909858265491e-01,2.026446834457351631e-01,-3.739188507898087988e-01,-5.263090369359741949e-01,5.227408035628124949e-01,9.934191882535180484e-01,-3.523503040999275693e-01,1.109092206297712241e-01,-1.004021074675911368e-01,8.699397310387924076e-02,9.870925705595274824e-01,6.330188805712921862e-02,2.582256111941003129e-01,-2.733713579381190639e-01,7.785673757740190215e-01,-2.151551490024042682e-02,9.900440108265420314e-01,-2.407384867190527633e-01,-1.022060573415972951e-01,9.980212648079636040e-01,-9.703403452205527913e-01,7.979107823653600606e-01,2.796585518737153553e-01,-9.814009778957274444e-01,9.903472167403389870e-01,4.788189362077528710e-02,-1.765638358889996817e-01,9.810703687685934371e-01,6.963617718164963888e-01,2.020891221005119698e-01,-9.291356107655425189e-01,-1.449630488999747724e-01,9.842607270123485685e-01,9.871560290976361118e-01,-9.227256356771390555e-01,-2.509029152461431655e-01,3.668424657601989658e-01,5.780715235881640490e-01,2.887328089271712361e-02,9.342958265946895713e-01,9.998040282602002060e-01,-2.261067288995015009e-02,9.943611069127717972e-01,9.902901319076662379e-01,9.672933473855820363e-01,4.118164341955402735e-02,6.759495358238166718e-01,-9.306240996314972813e-01,1.000000000000000000e+00
-8.225728749927189165e-01,3.874748243252755797e-01,2.238415796888962583e-01,9.726243329586327091e-01,9.816091632020591540e-01,9.483699701734290555e-01,-2.163203520972790776e-03,9.120059949203461747e-01,9.621809685124058653e-01,-7.319507595862865257e-01,8.267772367866687011e-01,-9.764998258546998544e-01,8.949262889162542534e-01,9.266267672876934425e-01,-5.805230301515904578e-01,6.813633164325146874e-01,4.336498026049180887e-01,-2.823921932822019421e-01,6.785926549543497277e-01,9.261638415825945714e-01,1.482259782482308330e-01,9.814226935363770110e-01,-8.197435208724140887e-01,8.584395953007237789e-01,-2.205767566923111725e-02,9.548899685502172385e-01,-6.787189315268241652e-01,3.111987422667703007e-02,7.422290923595886714e-01,-1.050829750538387619e-01,-8.683979721570762589e-01,4.678548052797416590e-01,-9.395541232650589381e-02,5.090823586741052287e-01,-2.269512085112853073e-01,6.353192351457011000e-01,9.691315180111176319e-01,-4.573106496746853766e-01,7.475253628428665253e-01,-1.157343199160560526e-01,3.880477711900547910e-01,4.600576525272571660e-01,1.931303802992823948e-01,-9.202369831529926270e-01,6.493305250992166266e-01,6.121181787567805399e-01,-3.524511812789445919e-01,-2.290058630807048912e-01,1.000000000000000000e+00
3.216856696386103526e-02,8.241641191020389057e-01,-2.941282293784091562e-01,-3.656624165749513544e-01,5.299266213055342511e-01,9.561771709073959569e-01,-7.204460679160925585e-01,9.266009713960465799e-01,4.057482709842763491e-01,1.254115419664686704e-01,9.485173408848355248e-01,-1.844174127273910668e-01,3.014820448448717327e-01,4.937109000405560666e-01,-1.270726930253461007e-01,-2.905440731365244722e-01,8.519780497412958731e-01,-8.004340005771668487e-01,8.708054535922288286e-01,9.416216365499600061e-01,-8.066132254312518013e-01,3.852541195956932785e-01,4.731921351276442422e-01,-5.116130659202257069e-01,4.774857069906975338e-01,1.647678020780349861e-01,-4.500388871687878156e-01,7.767183638055384920e-01,3.036575448734232241e-01,-4.104920516331881930e-01,-2.337453247030960024e-01,-4.050928873763458005e-01,8.523266003217597753e-01,6.715625280177945911e-01,-4.570344530556699203e-01,-5.129419506837633591e-01,7.668153250692788525e-01,-7.134192717708859321e-01,5.261739442403081668e-01,6.948367819395823153e-01,9.915563380720292530e-01,4.910934920686867433e-01,6.821429897932084208e-01,-2.422779835773797991e-02,9.617129889704501000e-01,2.827352632794585818e-01,-1.366931627714020048e-01,-7.588233116756282204e-01,1.000000000000000000e+00
-6.149554504691807644e-01,8.845562367536837778e-01,4.295561190392870321e-01,-2.619174014137090611e-01,7.974634156972318921e-01,9.321663700072523318e-01,-7.205962382959393286e-01,9.455238722101905191e-01,9.699989481557748372e-02,-9.033921724391150709e-01,1.172149720660990158e-01,-5.608708016729507806e-01,6.160262880994393786e-01,9.600692781461681591e-01,-7.868534937309034083e-01,9.390849535751739641e-01,-6.109217887593718643e-01,-9.063104199251067472e-01,9.297821980096915295e-01,-9.727433894084925869e-01,9.397551606989850148e-01,3.916410745727023635e-01,-6.444151186945445975e-01,9.563084792136319345e-01,-9.806114257659909184e-01,8.347976388561429983e-01,7.357071656518030522e-01,2.048818048071444631e-01,6.468914577406764677e-02,-6.004882416947504575e-01,-5.367738366118408599e-01,-4.809031401679642048e-01,-9.750609991657542830e-01,-6.931815566469271550e-01,9.494702944530726274e-01,-9.255005050109337272e-01,9.729171978638153639e-01,1.517384103996648470e-01,3.570117099423356088e-01,-3.852505577390961666e-01,-9.897450061875391336e-01,-5.913787680967134142e-01,-9.911747615665894573e-01,-9.542560748856011577e-01,7.268864964989364408e-01,-4.390074681054930150e-01,-9.465671729747777707e-01,-9.244150438526889113e-01,-1.000000000000000000e+00
-5.631873429505491746e-01,9.407651288231346776e-01,3.755299965233833137e-01,-4.998459212559380749e-01,7.110687362363569131e-01,9.769937474207401884e-01,-6.200476914596327882e-01,9.499095073117136412e-01,2.296284117184595186e-01,-7.591512706416920775e-01,7.667701592985871617e-01,-6.381781611551309297e-01,4.218420617857515653e-01,8.991029198884314955e-01,-6.531629300981176556e-01,7.798405517221843608e-01,-2.232072824772657338e-02,-9.169430836335473733e-01,9.672225708393756838e-01,-6.486126909788274553e-01,4.446487501294939526e-01,4.999634198843644350e-01,-1.654279677938496340e-01,7.093950504401996815e-01,-8.093212704170434924e-01,7.719893492777090138e-01,3.394196925424291522e-01,7.418314562549459534e-01,1.744688907815720447e-01,-6.477652602718677599e-01,-3.377245891172159786e-01,-5.003468246985393053e-01,-5.629249594011074276e-01,-7.931812674898312820e-02,8.131426557923352449e-01,-9.259613170441909347e-01,9.283642563163875261e-01,-3.479878633183146053e-01,3.565429359358899819e-01,3.806576375121221729e-03,-5.637343478080441006e-01,-3.792859552534608714e-01,-8.615163457841407135e-01,-7.951446731890962072e-01,9.250434615862695997e-01,1.315255939292694909e-01,-8.507988532306146601e-01,-9.107204018557606418e-01,1.000000000000000000e+00
-9.913043724971246640e-01,7.340995194762038878e-01,3.010890203181726954e-01,-7.860654502940093158e-01,4.341480808315149043e-01,9.970573871315114856e-01,-2.342967361442508389e-01,3.381205064157036255e-01,-5.321113151981433642e-01,-7.891307951871904258e-01,9.470877950564668968e-01,-3.551491413063038172e-01,1.081981504183309878e-01,3.524457926704542277e-01,3.031000635037403579e-01,8.945236311085459358e-01,8.695025508020456373e-01,-6.532968006299340047e-01,6.504103521817519162e-01,4.248797947529773245e-01,-3.661839662569212894e-01,6.723178909445025608e-01,-2.858671095753676505e-01,-7.920668277437223903e-01,7.145366409419532383e-01,6.778506468093344894e-01,6.759652813332848176e-01,9.877061712321869580e-01,6.125004289699303994e-01,-1.891479715743152323e-01,-9.310499906335997222e-01,-5.984480396538188751e-01,5.064363593761699311e-01,9.032881976252979950e-01,4.841507933315363776e-01,-9.253257009584568982e-01,7.202251456890197412e-01,8.851847855292831468e-01,-4.568281460234410174e-01,6.824664111048516224e-01,8.418309739849799689e-01,-8.497550148069756837e-01,3.758990848409227148e-01,9.571178107657466461e-01,9.532598593421017785e-01,-1.371579263793398507e-01,-3.665683408153579403e-01,-9.823955994704682837e-01,1.000000000000000000e+00
-1.492720693509541063e-01,-3.146044041944687231e-01,-8.764374219914863318e-01,7.123628980103823283e-01,-9.498591928261067574e-01,-1.842472164550752745e-01,-8.301739156448649792e-01,9.308598544252656426e-01,3.052759613362575064e-01,2.533783203521913219e-01,9.205060220791635439e-01,1.396437157712125954e-01,-5.375945057075293132e-01,-9.330067523882334957e-01,-7.354648474844147632e-01,-1.416886739355171232e-01,8.776100164951342597e-01,1.737417283072719976e-01,3.321446478569211047e-01,6.614965053178623045e-02,-1.477932565750749438e-01,-9.779270656988922061e-01,4.214484513529376253e-01,-8.502617964910023085e-01,-3.891015639370087875e-01,-4.015286614475646609e-01,-5.331424629141394700e-01,6.716008808437131661e-01,7.512049167666536853e-01,2.955268142064635950e-01,-1.814039440742641895e-01,-9.879574551553590434e-01,8.509702179901855734e-01,-7.637948915664198868e-01,9.740341509449232937e-01,4.493966082080188551e-01,4.248781739163491333e-01,4.096889514404690180e-01,-7.293817509091048423e-01,5.162039601430896685e-01,9.987678115072600171e-01,2.615071145194912405e-02,-9.731849342422868032e-01,5.637555181060107667e-01,8.078256360665186930e-01,-7.559322043966544558e-02,1.884498763796150222e-01,3.780913593220456836e-01,-1.000000000000000000e+00
6.620630978073388517e-02,-6.538400383733522503e-01,-5.642167549704943941e-01,-1.051134022149059766e-01,-4.275205881564743404e-02,1.655085502607407943e-01,-4.557101280788343201e-01,-2.258854190194943268e-01,6.518177848209959491e-01,-8.671087584600698506e-01,-4.985424992230929053e-01,2.216540235769598743e-01,9.329443690571560532e-01,9.238054792892635980e-01,-2.811858696203216601e-01,5.640470526958977215e-01,5.741177379906989842e-01,-7.355443891647064358e-01,1.115694015862607053e-01,-4.385167139486617627e-01,-6.762591367837698098e-01,-2.780455607665387879e-02,5.328219180736974980e-01,-9.964844219460301106e-03,-7.911752079441595198e-01,-5.686943410888312816e-02,5.563661854009882557e-01,2.256036453476785719e-01,4.429707988041772793e-01,4.690516111363904339e-01,-8.156415473979704567e-01,8.817155897734102465e-01,-9.014494933821629585e-01,-5.999563637933139626e-01,3.679619277022586760e-02,-9.205453552282909513e-01,1.854656737757270080e-01,3.938228375516061308e-01,7.022517775277110630e-01,2.248828811408495609e-01,-1.500924367097661860e-01,4.358210917363841141e-01,-8.995546140125547652e-01,-8.937376435089927629e-01,-5.114791586270192036e-01,-8.070273835935672935e-01,-6.725971042191799532e-01,-7.979066202074967806e-02,-1.000000000000000000e+00
1.854264912292810652e-01,-3.820281951565306922e-01,-4.160005242035262896e-01,-8.103097390975072534e-01,2.449024258546989852e-01,7.462063088062903526e-01,-2.763315580843770380e-01,-6.299794403697180911e-01,5.770097182555439241e-01,-8.553559681797335834e-01,-3.158166157164437604e-01,4.365658790799658573e-01,9.605181201071008035e-01,9.724026214187531103e-01,2.816736255534980637e-01,2.727359775106820705e-01,7.962354525343051659e-01,-9.024213549650060839e-01,4.055549123718215077e-01,4.487345891531024922e-01,-9.695915192076977052e-01,5.525853894075248851e-01,8.443237573692732312e-01,-5.777098465216313761e-01,-1.891093719982839538e-01,-2.612947559534134490e-01,5.976286079968254894e-01,7.009563882590175155e-01,2.711209771082906395e-01,3.748757664329637751e-01,-8.194613412348309422e-01,9.829964355378473240e-01,-7.250061429530425539e-01,2.176377785086694439e-01,-8.476922824070751705e-01,-9.855377035011784193e-01,-3.044888280476706899e-01,2.434711312547747919e-02,8.716134724301145553e-01,5.584526999917347467e-01,4.294487687358824468e-01,6.089060529492364982e-01,9.266277472910744439e-02,-7.864917307385491663e-01,-2.118704727423663392e-01,-7.776319280149234237e-01,-6.005737534164632407e-01,-4.834478365570306080e-01,1.000000000000000000e+00
-1.362996238369341695e-01,5.791823733177193789e-01,-4.595836008266235839e-01,2.580964367616770949e-01,-9.214779516454772723e-02,8.259059412782295828e-01,-6.468256982531040977e-01,9.178141678792016700e-01,5.901867277455579153e-01,-1.996472653340272685e-01,8.986249867499017663e-01,-4.356073904492019366e-01,2.495432260405333613e-01,1.583626857680532907e-01,-5.487918840481013083e-01,2.886120036336548358e-02,7.558896394649353701e-01,-6.341199276685476338e-01,8.348772647065547670e-01,6.128511196826889051e-01,-5.675831859286488701e-01,-2.627965399514791134e-01,3.710082547529399699e-01,-3.954931887911078414e-01,-1.457674717090772509e-01,2.768597062606654169e-01,-4.484905396576102654e-01,7.142735652970556570e-01,5.394712580672390567e-01,-1.791054223160772896e-01,-2.816335586688933357e-01,-6.912227394886016896e-01,6.735944894554424245e-01,-5.817603144142866056e-02,5.933302879157787979e-01,-4.168065123303572594e-01,6.932469251583350811e-01,-4.085676840404525723e-01,1.593691800698572303e-01,4.309292201944272538e-01,9.783703687400184812e-01,2.880075166866140068e-01,-5.660942878917599730e-01,-3.150816090785056311e-01,8.843549962278263177e-01,2.476173984225283065e-01,-2.574165213358983739e-01,-3.367997085610855423e-01,1.000000000000000000e+00
-2.823288041554019023e-01,4.797924631235871429e-01,-6.116980072784298228e-01,-9.940061048052606374e-01,-9.582424537046039248e-01,7.896767025725126565e-01,-9.073336146370712951e-01,2.195445253778984529e-01,-9.439802163625781173e-01,-5.882418393482162777e-01,3.819694670289792704e-01,9.726712515272684101e-01,-2.875510213819563177e-01,-3.337637190430074730e-02,4.079753272067395548e-02,6.136788362073846148e-01,7.662122920972747053e-01,-9.168700614546024807e-01,6.089841888286929850e-01,-9.573183696008847887e-01,-3.689641465602445658e-01,-9.798515970665195862e-01,8.633647551692227307e-01,-9.092784479196986958e-01,-7.727296301433592696e-01,-8.437955870795107449e-01,9.398388138343660714e-01,9.506141641345762228e-01,-1.011290282423403797e-01,-9.908700737338245468e-02,-3.922612505411467998e-01,-8.126469297872274122e-01,-5.752091139323434188e-01,-4.691194444021163368e-01,9.023595288591460539e-01,-9.959042024038424756e-01,-1.486821623671369941e-01,8.489014999867872113e-01,-5.252473034746821812e-01,7.602920652418795333e-01,6.904077137678816811e-01,-7.229085073498119351e-01,-9.684199860690385631e-01,8.293108445298561504e-01,8.286750249815519886e-01,-9.289774515028361712e-01,-7.583597045426465622e-01,-9.637234731502005713e-01,1.000000000000000000e+00
8.093452481889368277e-01,-4.948370777546493571e-01,-7.654566359185352997e-01,-6.707310444535826699e-01,-6.652777729753779346e-01,-1.927151806175434190e-01,-7.071247510507229217e-01,2.566192749395619470e-03,5.016958533988808977e-01,-6.189640933180720062e-01,-3.274548450619586548e-01,7.318377031049265735e-01,8.736386592022474806e-01,8.372076932894043644e-01,-2.352682131834830936e-01,-1.819125203847090366e-01,7.413531382080895682e-01,-8.575112626423972984e-01,4.238173810566119859e-01,-1.793664319574845567e-01,-9.209211436355675406e-01,-7.133161957690029586e-01,9.022091732838134481e-01,-5.840059340057981441e-01,-7.417041177395640172e-01,-6.823865286172071665e-01,3.849555007086283842e-01,3.147321755977602331e-01,2.159612456914798972e-01,3.751850734376933061e-01,-4.003100474305576473e-01,8.217016524752951412e-01,-6.525526707113429303e-01,-6.827910295402159768e-01,-2.038514837837931692e-01,-9.564675123274800628e-01,-3.189828159800073282e-01,-2.267288777745406769e-01,7.389739893903939372e-01,5.000807382264560452e-01,8.059029199954331757e-01,7.175107252262677981e-01,-8.454389007226771335e-01,-8.709223615282192243e-01,-2.011072774632984561e-01,-8.104510191496310245e-01,-5.752227347624805365e-01,1.180217667775316365e-01,1.000000000000000000e+00
4.460592163729882320e-01,9.484135375641469246e-01,2.293362597908424338e-01,-9.665738047927341370e-01,-4.082056145583304874e-01,9.120424222346957821e-01,-6.506641330682704227e-01,8.398499143300023340e-01,-5.462542503168486135e-02,-9.040425287465838622e-01,-2.369915361696311312e-02,7.020421537189727723e-02,5.995919020719694403e-01,9.652655546353696714e-01,-7.683551418424784396e-01,7.316441176523454937e-01,-4.064675773658506519e-01,-9.879121430436835771e-01,9.923847347765706317e-01,-9.888126307329493381e-01,-2.655434566341313141e-01,-5.800896978555787342e-01,8.262676532341904911e-01,5.334267053271007919e-01,-9.771277435243321818e-01,2.647413632294772223e-01,7.580184850533644436e-01,8.401482188153195363e-01,-2.097741538879256962e-01,-6.508791523567378778e-01,2.798883154153112840e-01,1.998640807291253430e-01,-9.161406895477031131e-01,-8.203123627710782184e-01,9.350153435178064631e-01,-9.989062767753627003e-01,4.666185546554290076e-01,-5.110149984849025051e-01,5.060304726046558343e-01,-2.026150336978126409e-01,-9.365735194798721075e-01,-3.351618932477473667e-01,-9.918081300897093611e-01,-9.612483765875421415e-01,7.693508564851809783e-01,-3.856508459261156485e-01,-9.605729031023702014e-01,-8.484450942810320972e-01,1.000000000000000000e+00
-7.388092925336541272e-01,-6.863277517525088189e-01,-4.552062649370831049e-01,3.792631763468877759e-01,5.982796662499735296e-01,4.739214956724782102e-01,-7.037442194411616114e-01,1.719671583986586982e-01,1.549101014677283505e-01,-8.263499666662597054e-01,-2.767266826327811624e-01,3.078669844959572854e-01,8.530082591540231185e-01,8.418823704542971464e-01,-1.282774306097339556e-01,8.575668182944548024e-01,5.190354089388496961e-01,-3.170901792392677998e-01,-6.171919627551398779e-01,-4.264353972030336393e-01,6.516135523552862852e-01,2.620857220417588951e-01,-5.991640671018334530e-01,5.095878372911684107e-01,-7.953624207175052918e-01,2.745431568454276272e-01,7.554293202754502889e-01,-1.425220401616592580e-01,4.613668880917588533e-01,4.223509290724988263e-01,-9.375661787780605883e-01,3.260409396917639535e-01,-9.509025193028723955e-01,-3.227368796084394975e-01,3.187836653925205099e-01,-4.029643135009376431e-01,8.669929450883723243e-01,8.489351887752429882e-01,3.943871538437216939e-01,3.226264615011881776e-01,-5.845562496551031106e-01,-1.316896974945573340e-01,-8.995042950599825282e-01,-5.687818712142909128e-01,-2.465266523871757764e-01,-8.930940566093791277e-01,-6.323427285434641831e-01,-7.395013165997702531e-01,-1.000000000000000000e+00
-9.799162365239435513e-01,8.941426318833073372e-01,5.874435410483918041e-01,-5.949271854737784304e-01,6.451886969155467000e-01,9.957665199916035936e-01,-6.678504551764581632e-02,7.165574406633056226e-01,-1.434664902559426494e-03,-9.224448132653916277e-01,8.533528800119943858e-01,-8.152488154509185403e-01,4.069627488435328955e-01,8.369476289445478834e-01,-4.094762337821898357e-01,9.466703556828852673e-01,3.352073728357293225e-01,-8.436481991777257106e-01,9.367772514735678291e-01,-6.770685869501089638e-01,2.395713666155245003e-01,7.611592563159338409e-01,-4.084615954218400180e-01,1.606100177350094360e-01,-3.284982896332563906e-01,8.942141345359220228e-01,6.340214448628540556e-01,9.685944993790311930e-01,5.466223039386043370e-01,-4.557515116461839932e-01,-8.483650388526550179e-01,-4.217345034758278599e-01,-4.092949447363340432e-01,5.310217577877531792e-01,8.806879035549156631e-01,-9.693134080961260945e-01,8.544436445353775778e-01,6.804048945286250705e-01,-1.961981279089254904e-01,8.157770845246484215e-02,-5.721690425630888699e-01,-8.418852707831395721e-01,-7.501075214155744630e-01,2.278827622381928708e-01,9.160282050304159318e-01,1.789836728673532829e-01,-7.979986030825239052e-01,-9.624613169791136347e-01,1.000000000000000000e+00
-9.592671936146287548e-01,6.636767420815651297e-01,3.990203664242685244e-01,-9.160133853165004503e-01,6.646365016473309018e-01,9.842735977244518875e-01,-6.485619835412285150e-01,2.679310784947865343e-01,-7.638009898587634350e-01,-9.354417445155590594e-01,1.533228995615818213e-01,3.735330447614334526e-01,6.061205018437707537e-01,9.330756104630009151e-01,3.718655379798310040e-02,9.703847537820973201e-01,1.898944611465850363e-01,-8.764169433516393326e-01,5.250633183901222134e-01,-9.306643334969102455e-01,7.774817978823738152e-01,4.899915194572875277e-01,-5.336249813613203052e-01,4.572251961925519748e-01,-8.074860802993377717e-01,5.786710726579441522e-01,9.562527849195144869e-01,8.599509473934807691e-01,1.013254800493605529e-01,-2.848827505847449926e-01,-9.219781952682014614e-01,-5.039646093971697494e-02,-9.644336915733040527e-01,2.937516534790316491e-01,7.388165054612985116e-01,-9.836857116774903043e-01,8.959118490292047321e-01,9.156206596552556309e-01,1.567122863959696105e-02,3.373128586535646400e-01,-9.663119567025475476e-01,-8.656490834995648198e-01,-8.935087988437986350e-01,2.052213499702568444e-01,7.155204716938696752e-01,-8.579768955619693216e-01,-8.956079877814314694e-01,-9.912006749594898247e-01,-1.000000000000000000e+00
-8.349918001030058878e-01,-8.907077513922088130e-01,-2.062332154798917488e-02,7.352403526023549851e-01,6.101180806644221910e-01,6.272140033591431241e-01,8.411009750058473511e-01,-9.276379337775166878e-01,9.836225696416169839e-01,-9.934764060374365879e-01,-8.055460926003452649e-01,-9.405775056103501397e-01,9.961734719956684136e-01,9.946031541919211350e-01,-3.920837565069964503e-01,8.986804444788459856e-01,4.323325858054072879e-01,-6.926626597965340748e-01,3.661644081588295574e-01,-3.860401569800342991e-01,-9.587626751930514724e-01,9.537816534509342414e-01,4.517905494826147672e-01,2.098733217373769666e-01,-5.742590246689610600e-01,8.612485643976625083e-01,3.786220708682343505e-01,7.029888170141690429e-01,8.426073352087981583e-01,7.620406528609623420e-01,-9.757487423359874068e-01,9.986631466107648292e-01,-9.641389027370581566e-01,-4.005042877341810081e-01,-2.624251387118615719e-01,-9.841341904933170737e-01,-4.661241536159125842e-01,6.369595709488750090e-01,8.766040904645852061e-01,-4.610475638454227809e-01,-9.112699928773377867e-01,3.927234848765710495e-01,-8.494859393306545270e-01,-9.832303329329131758e-01,-9.469257135052290275e-01,-4.052973197236397485e-01,-7.461790150172054048e-01,6.820700292818727695e-01,-1.000000000000000000e+00
-4.923179864059319955e-01,-8.728570734456521096e-01,-7.938828296681976759e-01,1.822819100666202008e-01,-1.527538547807243130e-01,-4.545926453626795982e-02,-8.345822902118182895e-01,-2.653838819257471615e-02,-1.609917508744041492e-01,-5.118162174946816467e-01,-3.553477956009847699e-02,8.075394845413202960e-01,7.212185479312663849e-01,3.110750265203099940e-01,1.579548221434237398e-01,5.705095595721594304e-01,8.490831751717283771e-01,-2.785075958516810765e-02,-8.587749735953837948e-01,1.928963987263475899e-01,1.734483511982802817e-01,-5.490125969615760049e-01,-1.836439487155820394e-01,-4.232076103744839557e-01,-5.024154471211145223e-01,-4.938012367801113411e-01,6.867009876446230621e-01,-4.606338027890850839e-02,4.856622522284204102e-01,6.163253028849767778e-01,-9.188880595765194226e-01,-7.123887902881338718e-02,-7.785159382402913053e-01,-2.591761970613841171e-01,4.148509206729954213e-02,-6.728812709698088479e-02,6.553949391970226301e-01,8.773746226652036073e-01,1.752978698945907299e-01,6.800700276405008404e-01,7.963812568521229096e-01,1.259679127718768554e-01,-7.901947336489526519e-01,2.102261283100866351e-01,-1.773563799254722351e-01,-9.354958835746667312e-01,-2.174851356490916654e-01,-6.038197617471362522e-01,-1.000000000000000000e+00
9.332079863648842233e-01,-6.983585302834836028e-01,-8.548068237747338260e-01,-8.169217417738675602e-01,6.192035474773252002e-01,1.638478261717854212e-01,-9.102722475351581188e-01,-2.251108635825379845e-01,1.451707782371315925e-01,3.800846052055213420e-01,3.744059204295210885e-02,9.703334337574865964e-01,9.378096731369822692e-01,9.120615645768601620e-01,7.993439206242171080e-01,-8.206793456068381953e-01,9.640595237998840217e-01,-7.989803400992130378e-01,-7.259054410259161427e-01,9.939082473569731402e-01,-9.793307788090247490e-01,3.243617216483901111e-01,8.593843408853024668e-01,-7.826132442771175368e-01,5.696772190827877891e-01,-9.166099639312008662e-01,2.890544898478090707e-01,-3.826554737062391465e-01,-2.157669883185144855e-01,4.369016492060178725e-01,-6.855748515324104897e-01,9.702249364113233465e-01,-7.905776603244081199e-03,7.283911733956953682e-01,-9.975719636215435449e-01,-5.325767589441817718e-01,1.663673664252605655e-01,-6.177334329880170838e-01,9.585520595886436457e-01,9.333591375826466585e-01,9.941943138182982587e-01,9.566578248814594509e-01,9.724612539495373076e-01,-4.582860685273451029e-01,2.390028315971783335e-01,-9.386443683322136522e-01,1.717108540089588853e-01,-6.115789661572303970e-01,1.000000000000000000e+00
-9.784893563843168884e-01,2.595897011583763181e-01,-5.527786700987231683e-01,7.529155252974550905e-01,-3.756622284562269320e-01,9.550436128898150967e-01,-6.572113771217596989e-01,9.281737395666410650e-01,-1.074062296451507442e-01,2.226470113257400518e-01,9.928782581702944032e-01,-5.264657543176031185e-01,-7.196766560672056556e-01,-9.476008866592076085e-01,-2.444497342965971376e-01,5.019496148886603004e-01,9.525118691733912568e-01,5.255360939098793205e-01,8.266428592495778105e-02,9.090484769993324443e-01,2.035492188267565838e-01,-4.791164155700562421e-01,-6.085772099963493442e-01,-8.967831406547548401e-01,8.282116565840601519e-01,4.785779227423824222e-01,-4.698825464894523241e-01,9.441426455718296973e-01,8.443971526584563847e-01,8.063459462936099775e-02,-8.258780558008615991e-01,-9.942349667277630143e-01,9.736306767283520180e-01,7.093905259157119447e-01,8.974336525017894139e-01,8.064148066153414840e-01,8.611791915292545951e-01,8.237885205413724155e-01,-8.573480858881412647e-01,7.432466185785152613e-01,9.994713070279623857e-01,-6.562564970604940484e-01,-8.714982353610001287e-02,9.853768073216337964e-01,9.757798898166706314e-01,3.956661507930346322e-01,5.417276549508805994e-01,-7.793147535230249279e-01,1.000000000000000000e+00
-9.822608640664941548e-01,-9.741789453036765467e-01,-7.264029167133049247e-01,7.852015865232717107e-02,-2.731356820238520222e-01,6.662704062041014952e-01,-2.150448652871246313e-01,-9.323665106810458125e-01,-1.515890823657301545e-01,-8.542526955295579594e-01,1.560267306014445909e-01,6.250314677007585695e-01,8.542971556280910539e-01,1.501098248155704473e-01,6.930803288510374305e-01,8.474655732507663242e-01,9.685476717297751836e-01,4.272754700132300187e-01,-9.655980742995342592e-01,6.996291366262250566e-01,-7.165590184252345063e-01,1.777669302252962158e-01,-1.912397863789082608e-01,-9.399238507886201743e-01,7.057577040324860551e-01,-2.364037824885404093e-01,8.235239277430324023e-01,8.631936239721964554e-01,8.167259288387888061e-01,8.664975614458059194e-01,-9.933737395847008766e-01,6.646908923254748469e-01,-5.038180875708822004e-01,6.691579045080470189e-01,-4.225561900205835331e-01,-5.337671741639216094e-01,-9.996007434199802311e-02,9.913078347083242869e-01,-2.053132144591196806e-01,8.016023668865757124e-01,9.345211152343989580e-01,-4.492793092600069205e-01,2.509776597189263339e-02,9.494721240842373122e-01,-5.184572083580419877e-01,-9.366133859879075541e-01,2.435269133202317693e-01,-7.188193483757673308e-01,-1.000000000000000000e+00
-9.449186362392087979e-01,9.199746728166874332e-01,2.188244559043131254e-01,7.351703862282181756e-01,8.463322422420930247e-01,9.927999081804358417e-01,-5.355667191987063536e-01,9.855873260082557152e-01,4.775828850061187292e-01,-9.795749384310757646e-02,9.911762577819792641e-01,-9.139466875366633047e-01,-3.148721957425570928e-01,-1.321971985962754337e-01,-5.110902976355756744e-01,5.996647698154669026e-01,7.410151416539974001e-01,-3.197675531892464340e-01,8.905053992582383504e-01,9.065556073810818738e-01,4.459919404206491578e-01,7.686985426266600419e-01,-7.554093423319037104e-01,1.003579377769469178e-01,5.613420710729014607e-01,8.951986580399308169e-01,-6.203711043745768761e-01,8.716219731636160040e-01,6.823490561813951860e-01,-5.642497400918079498e-01,-6.334792317529333028e-01,-9.630391092884642568e-01,9.101244242158275100e-01,7.903092835957016282e-01,7.171701665599561348e-01,5.567018140071067211e-01,9.739557192056236268e-01,-1.479836005603554772e-01,-3.005691871974306428e-01,4.258466950696561115e-01,9.786739180363409618e-01,-4.260139654314997193e-01,3.171459929696135438e-01,5.944536233346177090e-01,9.887119120585287080e-01,7.806592988691862800e-01,-8.139104174686943860e-02,-8.855217985222492150e-01,1.000000000000000000e+00
-5.283065967516633599e-01,-6.501839647538913969e-01,-3.287518865239828503e-01,-6.635386321306816493e-01,-4.719741585148002488e-02,4.067557812524457139e-01,-4.531388747751773916e-01,-6.136777321401103436e-01,1.216166412555555604e-01,-9.637898130457132062e-01,-8.228655631356173172e-01,5.023961817723626710e-01,9.434784635503511430e-01,9.686790399958598030e-01,-2.154583026179247851e-01,9.076575180678860821e-01,2.234268518122148051e-01,-8.272825167336955721e-01,-2.913757419334172399e-02,-9.537109690130228801e-01,-6.496078840349836514e-02,-7.451002539458558005e-02,2.897949614753440040e-01,3.279709657321847049e-01,-9.397622588295450052e-01,5.575165879865335433e-02,9.204474920730899568e-01,3.923434861319764488e-01,3.091897158078064645e-01,4.563835010768169109e-01,-9.144478921812572159e-01,9.056211879030678924e-01,-9.911234146464297234e-01,-7.131600519168349583e-01,5.408510724341998310e-01,-9.866964322942949339e-01,2.911581133350280015e-01,8.567615991519809127e-01,5.758746645935108877e-01,6.231015062435864976e-02,-9.625163553815824224e-01,-2.547314202945737405e-01,-9.819072723210915399e-01,-8.704010827822550311e-01,-7.021040280393325839e-01,-9.389896958778669589e-01,-8.793472272079383423e-01,-6.806960404639007534e-01,-1.000000000000000000e+00
